Shop Code,Store Name,SKU,Product Name,Primary Category,POS Category,EAN,Available Quantity,Receiving Quantity,Departing Quantity
IRS,"Island Resort, Siu Sai Wan 小西灣藍灣廣場店",H0001001_S_plasticbag1,膠袋1 plasticbag1,AA11851005001,PSOSTEST8;PSOSTEST1189;PSOSExcludePlasticBag;PSOSVIP20250609,abbytest20220107;test_2,0,0,0
IRS,"Island Resort, Siu Sai Wan 小西灣藍灣廣場店",H0160001_S_HHC00136,??TTO??? Dada,AA37452000001,PSOSTest_Cathy;PSOSTEST58;PSOSTEST1135;POS_CAT_FROZEN;PSOSVIP20250609;PSOSElderlyProgram,620554001362,-2,0,0
IRS,"Island Resort, Siu Sai Wan 小西灣藍灣廣場店",H0160001_S_WN07454,[勃根地直送] AOC Coteaux Bourguignons 2020 AOC Coteaux Bourguignons 2020,AA47108500001,PSOSTest_Cathy;PSOSTEST74;PSOSTEST1796;PSOSVIP20250609;PSOSgaigaisssss;PSOSElderlyProgram,625273074543,0,0,0
IRS,"Island Resort, Siu Sai Wan 小西灣藍灣廣場店",H0160001_S_WN07470,"醒腦銀杏精華 ",AA13205005000,PSOSTEST54;PSOSTEST1883;PSOSVIP20250609;PSOSElderlyProgram,625273074703,0,0,0
IRS,"Island Resort, Siu Sai Wan 小西灣藍灣廣場店",H0160001_S_WN07477,"活養細胞茄紅素 ",AA47108500001,PSOSTEST16;PSOSTEST479;PSOSVIP20250609;PSOSElderlyProgram,625273074772,8,0,0
IRS,"Island Resort, Siu Sai Wan 小西灣藍灣廣場店",H0160001_S_WN07490,"女士至寶護道小紅莓 ",AA47109000001,PSOSTEST78;PSOSTEST1264;PSOSElderlyProgram,625273074901,12,0,0
IRS,"Island Resort, Siu Sai Wan 小西灣藍灣廣場店",H0176001_S_669903-G,防脹氣奶瓶160ml-綠色 Anit-Colic 160ml (5oz)  (Green),AA33504000001,PSOSTEST_VEGET;PSOSTEST22;PSOSTEST1440;PSOS_exclude_list_test;PSOSElderlyProgram,MDRound,-2,0,0
IRS,"Island Resort, Siu Sai Wan 小西灣藍灣廣場店",H0249001_S_1272,AAA薰衣草沐浴露 AAA,AA42101500001,PSOSTEST_VEGET;PSOSTEST43;PSOSTEST623;PSOSVIP20250610,4891363100102,-2,0,0
IRS,"Island Resort, Siu Sai Wan 小西灣藍灣廣場店",H0249001_S_1284,活花護髮素 Live Flower Conditioner,AA42254500001,PSOSTEST100;PSOSVIP20250610;PSOSexclude20250610;PSOSElderlyProgram,4891363100522,-1,0,0
IRS,"Island Resort, Siu Sai Wan 小西灣藍灣廣場店",H0249001_S_4290,"懷舊2R相簿 ",AA37800000001,PSOSTEST23;PSOSTEST1031,2000000124483,-1,0,0
IRS,"Island Resort, Siu Sai Wan 小西灣藍灣廣場店",H0249001_S_KC1112,"指甲油 (藍紫色系) ",AA37701000001,PSOSTEST52;PSOSTEST1329;PSOSElderlyProgram,2000000123899,-1,0,0
IRS,"Island Resort, Siu Sai Wan 小西灣藍灣廣場店",H0249001_S_KC1129,"指甲油 (彩色系) ",AA37701000001,PSOSTEST16;PSOSTEST1051;PSOSElderlyProgram,2000000124292,-1,0,0
IRS,"Island Resort, Siu Sai Wan 小西灣藍灣廣場店",H0249001_S_KC1136,"指甲油 (彩色系) ",AA37701000001,PSOSTEST38;PSOSTEST1969,2000000124179,-1,0,0
IRS,"Island Resort, Siu Sai Wan 小西灣藍灣廣場店",H0249001_S_KC1140,"指甲油 (彩色系) ",AA37701000001,PSOSTEST57;PSOSTEST154;PSOSElderlyProgram,2000000124193,-1,0,0
IRS,"Island Resort, Siu Sai Wan 小西灣藍灣廣場店",H0294001_S_120301,潔淨控油頭皮精華 NORMALISANTE OILY SCALP SERUM,AA42301500001,PSOSTEST4;PSOSTEST151;PSOSElderlyProgram,4040218120301,0,70,0
IRS,"Island Resort, Siu Sai Wan 小西灣藍灣廣場店",H0361001_S_1100000000193,福岡 '甜王' 一口&#21867;喱 (12個/每個21克) Fukuoka 'Amaou' Strawberry One-Bite Jelly (12 x 21g),AA15103000001,PSOSTEST68;PSOSTEST1477,,0,0,0
IRS,"Island Resort, Siu Sai Wan 小西灣藍灣廣場店",H0379001_S_ST003,智多健AAA - 3號 Chi Do Kin AAA - No. 3,AA28053000001,PSOSTEST82;PSOSTEST1418;PSOSElderlyProgram,878666001552,0,0,0
IRS,"Island Resort, Siu Sai Wan 小西灣藍灣廣場店",H0678001_S_1004,玫瑰四物飲 Rose with Si Wu Tang,AA11225030001,PSOSTEST60;PSOSTEST1335;PSOSElderlyProgram,,0,0,0
IRS,"Island Resort, Siu Sai Wan 小西灣藍灣廣場店",H0771001_S_TAI084,薏仁水 Pearl Barley Water,AA11224025001,PSOSTEST95;PSOSTEST299,4717011470529,0,0,0
IRS,"Island Resort, Siu Sai Wan 小西灣藍灣廣場店",H0859001_S_OS-620,uPure 2 潔淨濾水器2 uPure 2,AA47559000001,PSOSSanity_20210720;PSOSTEST44;PSOSTEST267;PSOSElderlyProgram,8888657122304,0,10,0
IRS,"Island Resort, Siu Sai Wan 小西灣藍灣廣場店",H0888001_S_10002036,衣物柔順劑清新氣息配方 Regular Fabric Softener Spring Fresh,AA11820515001,PSOSTEST16;PSOSTEST1265;PSOSElderlyProgram,4892368660820;H0888001_S_10002036,0,30,0
IRS,"Island Resort, Siu Sai Wan 小西灣藍灣廣場店",H0888001_S_10002038,衣物柔順劑溫柔呵護配方 Regular Fabric Softener Mild Formula,AA11820515001,PSOSSOFTEN;PSOSTEST27;PSOSTEST268;PSOSElderlyProgram,4892368660837;4892368839073,54,900,0
IRS,"Island Resort, Siu Sai Wan 小西灣藍灣廣場店",H0888001_S_10003490BCSR12,[原箱]水動樂 - 維加運動飲料膠樽裝 x12 [Whole Box]Aquarius - Vitamin Guard Sports drink (Bottle) x12,AA22701000001,PSOSTEST80;PSOSTEST1084;PSOSElderlyProgram,4999000775;4999000776;4999000777,0,0,0
IRS,"Island Resort, Siu Sai Wan 小西灣藍灣廣場店",H0888001_S_10003734,純正番茄汁 Tomato Juice,AA11222010001,PSOSTEST71;PSOSTEST448;PSOSElderlyProgram,4901306012901,28,378,0
IRS,"Island Resort, Siu Sai Wan 小西灣藍灣廣場店",H0888001_S_10004780,出前一丁雞蓉味麵 Demae Ramen Chicken Flavour Instant Noodle,,PSOSTEST22;PSOSTEST208,4897878000036,800,2862,0
IRS,"Island Resort, Siu Sai Wan 小西灣藍灣廣場店",H0888001_S_10004781,前一丁九州濃湯豬骨湯味麵 Demae Ramen Kyushu Tonkotsu Flavour Instant Noodle,AA47105000001,PSOSTest_FRUIT;PSOSTEST98;PSOSTEST486;PSOSElderlyProgram,4897878800025,1244,4250,0
IRS,"Island Resort, Siu Sai Wan 小西灣藍灣廣場店",H0888001_S_10004785,出前一丁火辣海鮮味麵 Demae Ramen Spicy Seafood Flavour Instant Noodle,AA11354005001,PSOSnoodles;PSOSTEST12;PSOSTEST659,4897878800032,672,1536,0
IRS,"Island Resort, Siu Sai Wan 小西灣藍灣廣場店",H0888001_S_10006760,牛骨湯麵牛骨湯麵麵麵麵麵麵麵麵麵麵麵麵麵麵麵麵麵麵麵麵麵麵麵麵麵麵麵麵麵麵麵麵麵麵麵麵麵麵麵麵麵麵麵麵麵麵麵麵麵麵麵麵麵麵麵麵麵麵麵麵麵麵麵麵麵麵麵 GOMTANG NOODLE (BEEF FLAVOUR)NOODLENOODLENOOODLENOODLENOODLENOODLENOODLENOODLENOODLENOODLENOODLENOODLENOODLENO,AA11354005001,PSOSTEST33;PSOSTEST207,648436000000;648436105144,18,64,0
IRS,"Island Resort, Siu Sai Wan 小西灣藍灣廣場店",H0888001_S_10007305,溫和沐浴乳 Essential Cleansing Emulsion,AA33401000001,PSOSTEST_VEGET;PSOSBIOLANE;PSOSTEST82;PSOSTEST1660;PSOSElderlyProgram,3286018000035,-1904,2004,0
IRS,"Island Resort, Siu Sai Wan 小西灣藍灣廣場店",H0888001_S_10007309,2合1抗敏沐浴/洗髮啫喱 Lipid-enriched Body and Hair Cleansing Gel,AA11924005001,PSOSTEST37;PSOSTEST1624;PSOSElderlyProgram,3286010008992,-1893,504,0
IRS,"Island Resort, Siu Sai Wan 小西灣藍灣廣場店",H0888001_S_10007311,抗敏護膚膏 Rash Cream,AA11924015001,PSOSBIOLANE;PSOSTEST66;PSOSTEST1015;PSOSElderlyProgram,3286011092310,0,420,0
IRS,"Island Resort, Siu Sai Wan 小西灣藍灣廣場店",H0888001_S_10007313,滋潤保濕乳霜 Nourishing and Moisturizing Cream,AA11924015001,PSOSBIOLANE;PSOSTEST93;PSOSTEST1702;PSOSElderlyProgram,3286011008502,-12,0,2
IRS,"Island Resort, Siu Sai Wan 小西灣藍灣廣場店",H0888001_S_10009135,藍梅寒天果凍糖 Blueberry Agar Jelly,AA11153005001,PSOSTEST64;PSOSTEST1305;PSOSElderlyProgram,4901377002207,-2,0,0
IRS,"Island Resort, Siu Sai Wan 小西灣藍灣廣場店",H0888001_S_10009139,蜂蜜檸檬寒天果凍糖 Honey Lemon Agar Jelly,AA11153005001,PSOSTEST64;PSOSElderlyProgram,4901377003105,0,0,0
IRS,"Island Resort, Siu Sai Wan 小西灣藍灣廣場店",H0888001_S_10009151,什錦軟糖 Mixed Fruit Candy,AA11150560001,PSOSTEST43;PSOSTEST1402;PSOSElderlyProgram,4901550267546,-1,0,0
IRS,"Island Resort, Siu Sai Wan 小西灣藍灣廣場店",H0888001_S_10009357,味付御海苔 - 泡菜味 Seasoned Seaweed - Kimchi,AA11156000001,PSOSTEST8;PSOSTEST497;PSOSElderlyProgram,4897019420907,0,0,0
IRS,"Island Resort, Siu Sai Wan 小西灣藍灣廣場店",H0888001_S_10009386,北海道扇貝味薯片 Hokkaido Scallop Flavour Potato Chips,AA47105000001,PSOSTEST9;PSOSTEST680,4903015535115,0,0,0
IRS,"Island Resort, Siu Sai Wan 小西灣藍灣廣場店",H0888001_S_10009388,酥餅 (黑朱古力) Home Pie (Bitter Chocolate),AA47105000001,PSOSTEST81;PSOSTEST189;PSOSElderlyProgram,4902555170152,0,0,0
IRS,"Island Resort, Siu Sai Wan 小西灣藍灣廣場店",H0888001_S_10009568,日本濃口醬油 Japanese Extreme Koikuchi Shoyu,AA11451005001,PSOSTEST6;PSOSTEST1355;PSOSElderlyProgram,4897020733287,180,640,0
IRS,"Island Resort, Siu Sai Wan 小西灣藍灣廣場店",H0888001_S_10009609,星球大戰系列珍寶珠 (隨機派送) Star Wars Assorted Fruit Flavours Lollipops (Randomly delivery),AA11153045001,PSOSTEST33;PSOSTEST1978;PSOSElderlyProgram,2000000103051,0,0,0
IRS,"Island Resort, Siu Sai Wan 小西灣藍灣廣場店",H0888001_S_10009610,湖池屋激辣魔薯香辣芝士味薯片 Karamucho Hot Chilli Cheese Flavour Potato Chips,AA11151510001,PSOSTEST16,4897053640118,0,0,0
IRS,"Island Resort, Siu Sai Wan 小西灣藍灣廣場店",H0888001_S_10009665,穴位按壓清涼足貼 Kyusoku Jikan Cooling Sheet With Protrusion,AA11856000001,PSOSTEST88;PSOSTEST694;PSOSElderlyProgram,2000000103549;4895149205111,60,900,0
IRS,"Island Resort, Siu Sai Wan 小西灣藍灣廣場店",H0888001_S_10011834,炸魚手指 (急凍) Fish Fingers - Classic Crumb (Frozen),AA11118200001,PSOSTest_Frozen_Non Meat_Seafood;PSOSTEST58;PSOSTEST472;PSOSElderlyProgram,8724144082353;9415022026128,-2,0,0
IRS,"Island Resort, Siu Sai Wan 小西灣藍灣廣場店",H0888001_S_10011848,日本煮食用帶子急凍急凍 Scallop for cook,AA47105000001,PSOSTEST32;PSOSTEST849;PSOSElderlyProgram,20220107;4897010672152;abbytest,0,0,0
IRS,"Island Resort, Siu Sai Wan 小西灣藍灣廣場店",H0888001_S_10011849,美國大西洋野生響螺頭 M (急凍) USA Conch M (Frozen),AA47105000001,PSOSTest_FrozenA_B_C;PSOSTEST62;PSOSTEST1121;PSOSElderlyProgram,4897010671520,-6,0,0
IRS,"Island Resort, Siu Sai Wan 小西灣藍灣廣場店",H0888001_S_10011977,潮州粉果 (急凍) Chiu Chow Dumpling (Frozen),AA11114200001,PSOSTest_Frozen_Non Meat_Seafood;PSOSTEST36;PSOSTEST1164,4892333301550,0,0,0
IRS,"Island Resort, Siu Sai Wan 小西灣藍灣廣場店",H0888001_S_10011987,好ｅ食 - 白汁煙肉磨菇意粉 (急凍) Spaghetti with Bacon & Mushroom in Cream Sauce (Frozen),AA11357005001,POS_CAT_TABLE;PSOSTEST70,4892333301093,0,0,0
IRS,"Island Resort, Siu Sai Wan 小西灣藍灣廣場店",H0888001_S_10012004,金文畢芝士 (冷凍) Camembert in Tin (Chilled),AA11458000001,PSOSTEST47;PSOSTEST1652;PSOSElderlyProgram,3228020481846;4897060888999,0,0,0
IRS,"Island Resort, Siu Sai Wan 小西灣藍灣廣場店",H0888001_S_10012010,Bibigo 鮮青瓜豬肉迷你水餃 (急凍) Bibigo Fresh Cucumber & Pork Dumpling (Frozen),AA11115000001,PSOSTest_Frozen_Non Meat_Seafood;PSOSTEST4;PSOSTEST1799,6955797200277,0,0,0
IRS,"Island Resort, Siu Sai Wan 小西灣藍灣廣場店",H0888001_S_10012012,Bibigo 鮮嫩雞肉迷你水餃 (急凍) Bibigo Chicken Dumpling (Frozen),AA11115000001,PSOSTest_Frozen_Non Meat_Seafood;PSOSTEST94;PSOSTEST264;PSOSexcludegaigaitest;PSOSgaigaisssss;PSOSElderlyProgram,6955797200284,-1,0,0
IRS,"Island Resort, Siu Sai Wan 小西灣藍灣廣場店",H0888001_S_10012013,Bibigo 韓式傳統脆皮煎餃 (急凍) Bibigo Korean Original Fried Dumpling (Frozen),AA11112500000,PSOSTEST80;PSOSTEST195;PSOSElderlyProgram,9811037771211,0,0,0
IRS,"Island Resort, Siu Sai Wan 小西灣藍灣廣場店",H0888001_S_10012018,蜜汁雞翼 (急凍) Honey Wings (Frozen),AA11487000001,PSOSTEST6;PSOSTEST431;PSOStest0105;PSOStest7151;PSOSElderlyProgram,8855702007084,0,0,0
IRS,"Island Resort, Siu Sai Wan 小西灣藍灣廣場店",H0888001_S_10012020,香味雞球 (急凍) Golden Crispy (Frozen),AA11487000001,PSOSTEST82;PSOSTEST1161;PSOSElderlyProgram,8855702007077,0,0,0
IRS,"Island Resort, Siu Sai Wan 小西灣藍灣廣場店",H0888001_S_10012023,韓式蜜檸脆雞 (急凍) Korean Crispy Chicken With Honey Lemon Sauce (Frozen),AA11487000001,PSOSTEST84;PSOSTEST1669;PSOSElderlyProgram,8858984802040,0,0,0
IRS,"Island Resort, Siu Sai Wan 小西灣藍灣廣場店",H0888001_S_10012024,韓式辣醬雞 (急凍) Korean Crispy Chicken With Korean Hot & Spicy Sauce (Frozen),AA11487000001,PSOSTEST16;PSOSTEST468;PSOSElderlyProgram,8858984802033,0,0,0
IRS,"Island Resort, Siu Sai Wan 小西灣藍灣廣場店",H0888001_S_10012115,小白菜豬肉水餃 (急凍） Chinese White Cabbage & Pork Water Dumpling (Frozen),AA11115000001,PSOSTEST72;PSOSTEST1703,4897878720019,0,132,0
IRS,"Island Resort, Siu Sai Wan 小西灣藍灣廣場店",H0888001_S_10012508,"紐西蘭法式 7-8 支骨羊架, 原包2排 (急凍) New Zealand 7-8 Ribs Lamb Rack, French Cut (Frozen)",AA47105000001,PSOSTest_Frozen;PSOSTEST74;PSOSTEST379;PSOSElderlyProgram,2000010148981;2855094000000;4895134100421,0,0,0
IRS,"Island Resort, Siu Sai Wan 小西灣藍灣廣場店",H0888001_S_10012510,紐西蘭鹿腩 (急凍) New Zealand Venison Boneless Rib And Flap (Frozen),AA47105000001,PSOSTest_FrozenA_B_C;PSOSTEST62;PSOSTEST737;PSOSElderlyProgram,4895134100902,0,0,0
IRS,"Island Resort, Siu Sai Wan 小西灣藍灣廣場店",H0888001_S_10012511,西班牙咸豬手 Spain Coren Salted Pork Knuckle (Frozen),AA47105000001,PSOSTEST98;PSOSTEST527;PSOSElderlyProgram,4895134100490,0,0,0
IRS,"Island Resort, Siu Sai Wan 小西灣藍灣廣場店",H0888001_S_10012578,有機雞柳 (去皮無骨) (急凍) Chicken Tenderloins (4pcs per bag) (Frozen),AA47105000001,PSOSTEST42;PSOSTEST333;PSOSElderlyProgram,1799722619360;2000000122021,0,0,0
IRS,"Island Resort, Siu Sai Wan 小西灣藍灣廣場店",H0888001_S_10012579,"有機雞胸 (去皮無骨) (急凍) Boneless, Skinless Chicken Breasts with Rib Meat (10pcs per bag)-Frozen",AA47105000001,PSOSTEST89;PSOSTEST462;PSOSElderlyProgram,1799722618295;2000000122175,0,0,0
IRS,"Island Resort, Siu Sai Wan 小西灣藍灣廣場店",H0888001_S_10012580,有機雞中翼 (急凍) Chicken Wing Midjoints (Frozen),AA47105000001,PSOSTest_FrozenA_B_C;PSOSTEST93;PSOSTEST395;PSOSElderlyProgram,1799722303856;2000000122007,0,0,0
IRS,"Island Resort, Siu Sai Wan 小西灣藍灣廣場店",H0888001_S_10012598,泰式香菇扎肉 (急凍) Thai Pork Sausages (Mushroom)(Frozen),AA47105000001,PSOSTest_Frozen;PSOSTEST68;PSOSTEST846;PSOSElderlyProgram,8850269013271,0,0,0
IRS,"Island Resort, Siu Sai Wan 小西灣藍灣廣場店",H0888001_S_10012689,"加拿大頂級(熟成)去骨牛小排 (急凍) 測試 Short Rib Boneless, Top AAA (Frozen) TESTING test",AA11112510001,PSOSTest_FrozenA_B_C;PSOSTEST6;PSOSTEST1919,4895134101640,0,0,0
IRS,"Island Resort, Siu Sai Wan 小西灣藍灣廣場店",H0888001_S_10012725,日式浦燒鰻魚 (急凍) Unagi Kabayaki (Frozen),AA47105000001,PSOSTest_Frozen;PSOSIMAX_KERRY;PSOSTEST8;PSOSTEST1688;PSOSElderlyProgram,4897010671568,586,0,0
IRS,"Island Resort, Siu Sai Wan 小西灣藍灣廣場店",H0888001_S_10012777,"紐西蘭帶骨羊仔腩 (急凍) New Zealand Lamb Flap, Bone - In, Diced (Frozen)",AA47105000001,PSOSTest_FrozenA_B_C;PSOSIMAX_KERRY;PSOSTEST52;PSOSTEST232;PSOSElderlyProgram,4895134101671,603,0,0
IRS,"Island Resort, Siu Sai Wan 小西灣藍灣廣場店",H0888001_S_10012783,巴西牛胸腩粒 (急凍) Brazil Beef Brisket Diced (Frozen),AA47105000001,PSOSTest_Frozen;PSOSIMAX_KERRY;PSOSTEST32;PSOSTEST437;PSOSElderlyProgram,4895134101725,-1262,0,0
IRS,"Island Resort, Siu Sai Wan 小西灣藍灣廣場店",H0888001_S_10012786,德國豬湯骨 (急凍) Germany Pork Bone Diced (Frozen),AA47105000001,PSOSTest_Frozen;PSOSTEST7;PSOSTEST1198;PSOSElderlyProgram,4895134101756,0,0,0
IRS,"Island Resort, Siu Sai Wan 小西灣藍灣廣場店",H0888001_S_10012812,日式榴槤大福雪米糍 (急凍) Malaysia Durian Daifuku (Frozen),AA11114700001,PSOSTest_Frozen;PSOSTEST22;PSOSTEST1132;PSOSElderlyProgram,9555432401365;9555432403741,0,0,0
IRS,"Island Resort, Siu Sai Wan 小西灣藍灣廣場店",H0888001_S_10012836,冷凍熟帶頭南美白對蝦 Frozen Cooked Head On Shell On Shrimp,AA47105000001,PSOSTest_FrozenA_B_C;PSOSTEST73;PSOSTEST1832;PSOSElderlyProgram,8858984801517,-12,0,0
IRS,"Island Resort, Siu Sai Wan 小西灣藍灣廣場店",H0888001_S_10012921,紐西蘭 Hoki 鱈魚柳 (MSC 可持續海產品)(急凍) New Zealand Hoki loin Fillets (MSC certified)(Frozen),AA47105000001,PSOSTest_FrozenA_B_C;PSOSTEST18;PSOSTEST259;PSOSElderlyProgram,9415027174299,0,0,0
IRS,"Island Resort, Siu Sai Wan 小西灣藍灣廣場店",H0888001_S_10012936,豬梅肉扒(急凍) Pork Collar Steak(Frozen),AA47105000001,PSOSTest_FrozenA_B_C;PSOSTEST54;PSOSTEST1210;PSOSElderlyProgram,4897045620012;4897045620876,0,0,0
IRS,"Island Resort, Siu Sai Wan 小西灣藍灣廣場店",H0888001_S_10012938,雞髀扒(急凍) Chicken Leg Steak(Frozen),AA47105000001,PSOSTest_FrozenA_B_C;PSOSTEST96;PSOSTEST193;PSOSElderlyProgram,4897045620036;4897045620821,-1,0,0
IRS,"Island Resort, Siu Sai Wan 小西灣藍灣廣場店",H0888001_S_10012939,雞中翼(急凍) Chicken Mid Joint Wing(Frozen),AA47105000001,PSOSTest_FrozenA_B_C;PSOSTEST85;PSOSTEST1656;PSOSElderlyProgram,4897045620043;4897045620814,0,0,0
IRS,"Island Resort, Siu Sai Wan 小西灣藍灣廣場店",H0888001_S_10013325,金芝麻醬 (焙煎豆) Kin Gomadare Baisen Nuts,AA11451025001,POS_CAT_TABLE;PSOSTEST20;PSOSTEST811;PSOSElderlyProgram,073575862854;73575862854,0,0,0
IRS,"Island Resort, Siu Sai Wan 小西灣藍灣廣場店",H0888001_S_10015618,日本煮食用帶子(急凍) Scallop for Cook(Frozen),AA47105000001,PSOSTest_FrozenA_B_C;PSOSTEST9;PSOSTEST869;PSOSElderlyProgram,4897010671315,-5,0,0
IRS,"Island Resort, Siu Sai Wan 小西灣藍灣廣場店",H0888001_S_10015773,廣東鮮蝦雲吞皇10粒裝一二三四五六七八九十一二三四五六七八九十一二三四五六七八九十 Guangdong Deluxe Shrimp Wonton 10's(Frozen),AA47105000001,PSOSTest_Frozen_Non Meat_Seafood;PSOSIMAX_KERRY;PSOSTEST58;PSOSTEST671;PSOSElderlyProgram,2000010157563;4867813081219,662,0,0
IRS,"Island Resort, Siu Sai Wan 小西灣藍灣廣場店",H0888001_S_10016177,孜然雞中翼(急凍) Cumin Chicken Wing(Frozen),AA11116700001,PSOSTest_FrozenA_B_C;PSOSTEST9;PSOSTEST1719;PSOSElderlyProgram,4897005750841,0,0,0
IRS,"Island Resort, Siu Sai Wan 小西灣藍灣廣場店",H0888001_S_10016178,香茅豬扒(急凍) Lemongrass Pork Chop(Frozen),AA11116700001,PSOSTest_FrozenA_B_C;PSOSTEST38;PSOSElderlyProgram,4897005750599,0,0,0
IRS,"Island Resort, Siu Sai Wan 小西灣藍灣廣場店",H0888001_S_10016215,香菇貢丸 (急凍) Mushroom Meat Ball (Frozen),AA47105000001,PSOSTest_Frozen;PSOSTEST43;PSOStest0105;PSOStest7151;PSOSElderlyProgram,4716786391107,0,0,0
IRS,"Island Resort, Siu Sai Wan 小西灣藍灣廣場店",H0888001_S_10016359,雜錦派對燒烤腸 (急凍) Grill Party (Frozen),AA47105000001,PSOSTest_FrozenA_B_C;PSOSTEST35;PSOSTEST1833;PSOSElderlyProgram,9003903496414,-1,0,0
IRS,"Island Resort, Siu Sai Wan 小西灣藍灣廣場店",H0888001_S_10016418,美國天然豬免治豬梅肉(急凍) US ANP Minced Pork Butt(Frozen),AA47105000001,PSOSTest_FrozenA_B_C;PSOSTEST89;PSOSTEST1904;PSOSElderlyProgram,4897014726721,0,0,0
IRS,"Island Resort, Siu Sai Wan 小西灣藍灣廣場店",H0888001_S_10016488,九州產無添加激素雞- 雞脾肉(急凍) Boneless Leg Meat (Kirimi Cut)(Frozen),AA47105000001,PSOSTest_Frozen;PSOSTEST22;PSOSTEST1284;PSOSElderlyProgram,4978530903411,0,0,0
IRS,"Island Resort, Siu Sai Wan 小西灣藍灣廣場店",H0888001_S_10016491,九州產無添加激素雞-雞胸(急凍) Boneless Breast  (Kirimi Cut)(Frozen),AA47105000001,PSOSTest_Frozen;PSOSTEST23;PSOSTEST1312;PSOSElderlyProgram,4978530903442,0,0,0
IRS,"Island Resort, Siu Sai Wan 小西灣藍灣廣場店",H0888001_S_10016492,薯餅 (10塊裝)(急凍) Hash Brown Potatoes (10 patties)(Frozen),AA11118200001,PSOSTest_Frozen_Non Meat_Seafood;PSOSTEST82;PSOSTEST382;PSOSElderlyProgram,071179343304;71179343304,0,0,0
IRS,"Island Resort, Siu Sai Wan 小西灣藍灣廣場店",H0888001_S_10016495,調味藍青口(牛油蒜蓉味)(急凍) Flavored Whole Blue Mussel (Butter &Gurlic)(Frozen),AA47105000001,PSOSTest_Frozen;PSOSTEST90;PSOSTEST114;PSOSElderlyProgram,7801233952813,0,0,0
IRS,"Island Resort, Siu Sai Wan 小西灣藍灣廣場店",H0888001_S_10016849,挪威三文魚柳 (急凍) Norwegian Salmon Portion (Frozen),AA47105000001,PSOSTest_FrozenA_B_C;PSOSTEST81;PSOSTEST278;PSOSElderlyProgram,4897014311309,0,0,0
IRS,"Island Resort, Siu Sai Wan 小西灣藍灣廣場店",H0888001_S_10016906,古早味蔥油餅 (急凍) Scallion Pancake (Frozen),AA11118200001,PSOSTest_Frozen_Non Meat_Seafood;PSOSTEST49;PSOSTEST287;PSOSElderlyProgram,4712782739011,0,0,0
IRS,"Island Resort, Siu Sai Wan 小西灣藍灣廣場店",H0888001_S_10018049,西班牙豬腩片 (急凍) Spain Pork Belly Rashers (Frozen),AA47105000001,PSOSTest_FrozenA_B_C;PSOSTEST37;PSOSTEST709;PSOSElderlyProgram,4897059300450,0,0,0
IRS,"Island Resort, Siu Sai Wan 小西灣藍灣廣場店",H0888001_S_10018053,美國安格斯一口牛粒 (急凍) U.S. Angus Beef Cube (Frozen),AA47105000001,PSOSTest_FrozenA_B_C;PSOSTEST60;PSOSTEST1418;PSOSElderlyProgram,4897059300498,-4,0,0
IRS,"Island Resort, Siu Sai Wan 小西灣藍灣廣場店",H0888001_S_10018055,美國穀飼豬扒 (急凍) U.S. Grain Fed Pork Chop (Frozen),AA47105000001,PSOSTest_FrozenA_B_C;PSOSTEST63;PSOSTEST1436;PSOSElderlyProgram,4897059300511,0,0,0
IRS,"Island Resort, Siu Sai Wan 小西灣藍灣廣場店",H0888001_S_10018534,澳洲海參(禿參，又名花刺參) (急凍) Australia Curryfish Sea Cucumber (Frozen),AA47105000001,PSOSTest_FrozenA_B_C;PSOSTEST71;PSOSTEST555;PSOSElderlyProgram,4897030690594,0,0,0
IRS,"Island Resort, Siu Sai Wan 小西灣藍灣廣場店",H0888001_S_10018687,美國雞下肶  (急凍) US Chicken Drummette (Frozen),AA47105000001,PSOSTest_FrozenA_B_C;PSOSTEST93;PSOSTEST1053;PSOSElderlyProgram,4897059300542,0,0,0
IRS,"Island Resort, Siu Sai Wan 小西灣藍灣廣場店",H0888001_S_10018925,白風船米餅-牛奶忌廉味 Shiroi Fusen Milk Cream Rice Cracker,AA47105000001,POS_CAT_TABLE;PSOSTEST14;PSOSTEST1503;PSOSElderlyProgram,4901313195284,0,0,0
IRS,"Island Resort, Siu Sai Wan 小西灣藍灣廣場店",H0888001_S_10018940,大阪王將餃子 (味噌) (急凍) Gyoza (Miso Flavor) (Frozen),AA47105000001,PSOSTest_Frozen_Non Meat_Seafood;PSOSTEST19;PSOSTEST239;PSOSElderlyProgram,4954018117228;4954018131033;4954018131057,0,0,0
IRS,"Island Resort, Siu Sai Wan 小西灣藍灣廣場店",H0888001_S_10019176,咖哩豚肉煎餃 10粒裝 (急凍) Curry Pork Fried Dumpling 10's (Frozen),AA47105000001,PSOSTest_Frozen_Non Meat_Seafood;PSOSTEST52;PSOSTEST865;PSOSElderlyProgram,4891913012466,0,0,0
IRS,"Island Resort, Siu Sai Wan 小西灣藍灣廣場店",H0888001_S_10019475,"西班牙栗飼豬梅肉扒 (急凍) Selecta Pork Collar Meat , chestnut fed (Frozen)",AA47105000001,PSOSTest_FrozenA_B_C;PSOSTEST3;PSOSElderlyProgram,4895134103002,-4,0,0
IRS,"Island Resort, Siu Sai Wan 小西灣藍灣廣場店",H0888001_S_10020549,殺菌濕紙巾 Disinfectant Wet Wipes,AA11851025001,PSOSTEST15;PSOSTEST1134,4897032610934,0,0,0
IRS,"Island Resort, Siu Sai Wan 小西灣藍灣廣場店",H0888001_S_10021036,清香薄荷無糖薄荷糖小鐵罐裝清香薄荷無糖薄荷糖小鐵罐裝清香薄荷無糖薄荷糖小鐵罐裝清香薄荷無糖薄荷糖小鐵罐裝 Mint - Spear Mint Flavour,AA11153510001,PSOScoupon;PSOSTEST44;PSOSTEST538,93613804,0,32,0
IRS,"Island Resort, Siu Sai Wan 小西灣藍灣廣場店",H0888001_S_10021038,無糖薄荷糖 Mint - Blackcurrant Mint Flavour,AA11153510001,PSOScoupon;PSOSTEST28;PSOSTEST590,02209003;22000000903;2209003,0,32,0
IRS,"Island Resort, Siu Sai Wan 小西灣藍灣廣場店",H0888001_S_10021906,草本精華素修護霜 TEST,AA11852015001,PSOS0316testing;PSOSElderlyProgram,071409543139;71409543139,0,0,0
IRS,"Island Resort, Siu Sai Wan 小西灣藍灣廣場店",H0888001_S_10022197,五香肉丁 Spiced Pork Cubes,AA11551000001,PSOSTEST78;PSOSTEST736,6901073010078,0,48,0
IRS,"Island Resort, Siu Sai Wan 小西灣藍灣廣場店",H0888001_S_10022686,猴頭菇雪耳百合潤肺湯 Herbal Soup Mix,AA11556000001,PSOSTEST31;PSOSTEST1490;PSOSElderlyProgram,873453006482,0,0,0
IRS,"Island Resort, Siu Sai Wan 小西灣藍灣廣場店",H0888001_S_10022800,法國雞中翼 (急凍) FRANCE MID JOINT WINGS (Frozen),AA11118200001,PSOSTest_FrozenA_B_C;PSOSTEST88;PSOSTEST1150;PSOSElderlyProgram,2022033009506;4895134101251,-3,0,0
IRS,"Island Resort, Siu Sai Wan 小西灣藍灣廣場店",H0888001_S_10022875,美國特選牛肩胛肥牛片 (急凍) BF CHUCK SHORT RIB B'LESS CHOICE USA (Frozen),AA47105000001,PSOSTEST16;PSOSTEST699;PSOSElderlyProgram,4893100501883,0,0,0
IRS,"Island Resort, Siu Sai Wan 小西灣藍灣廣場店",H0888001_S_10050156,蜜汁雞中翼 (急凍) Honey Chicken Wing (Frozen),AA47105000001,PSOSTest_Frozen;PSOSTEST30;PSOSTEST1089;PSOSElderlyProgram,4897005750858,0,0,0
IRS,"Island Resort, Siu Sai Wan 小西灣藍灣廣場店",H0888001_S_10100041,格靈蘭比目魚扒 (急凍) Greenland flatfish (Frozen),AA47105000001,PSOSTest_FrozenA_B_C;PSOSTEST41;PSOSTEST893;PSOSElderlyProgram,4897010670233,0,0,0
IRS,"Island Resort, Siu Sai Wan 小西灣藍灣廣場店",H0888001_S_10105000,宮崎/熊本/愛知 亞魯斯青肉蜜瓜 (特秀品等級/約1.5公斤)宮崎/熊本/愛知 亞魯斯青肉蜜瓜 (特秀品等級/約1.5公斤)宮崎/熊本/愛知 亞魯斯青肉蜜瓜 (特秀品等級/約1.5公斤) Miyazaki/Kumamoto/Aichi Arus Melon (A+ Grade/Weight:1.5kg approx.),AA47105000001,PSOSTEST18;PSOSTEST1357;PSOSElderlyProgram,2000000079905,640,3246,0
IRS,"Island Resort, Siu Sai Wan 小西灣藍灣廣場店",H0888001_S_10105001,熊本 肥後青肉蜜瓜 (秀等級/約2公斤) Kumamoto Higo Green Melon (A Grade/Weight:1 kg approx.),AA47105000001,PSOSTEST37;PSOSTEST830;PSOSElderlyProgram,2000000079912,0,0,0
IRS,"Island Resort, Siu Sai Wan 小西灣藍灣廣場店",H0888001_S_10130129,泡菜風味豚肉煎餃10件裝(急凍) Kimchi Flavored and Pork Fried Dumpling 10's (Frozen),AA47105000001,PSOSTest_Frozen_Non Meat_Seafood;PSOSTEST78;PSOSTEST1352;PSOSElderlyProgram,4891913012510,0,0,0
IRS,"Island Resort, Siu Sai Wan 小西灣藍灣廣場店",H0888001_S_10130639,雞上脾 (急凍) Chicken Thighs (Frozen),AA47105000001,PSOSTest_FrozenA_B_C;PSOSTEST56;PSOSTEST1318;PSOSElderlyProgram,023700162250;23700162250,0,0,0
IRS,"Island Resort, Siu Sai Wan 小西灣藍灣廣場店",H0888001_S_10132103,濟州豚豬梅肉 (急凍) Jeju Pork Collar Boneless (Frozen),AA47105000001,PSOSTest_FrozenA_B_C;PSOSTEST47;PSOSTEST1726;PSOSElderlyProgram,489705930087,0,0,0
IRS,"Island Resort, Siu Sai Wan 小西灣藍灣廣場店",H0888001_S_10133450,廣東黑松露鮮蝦雲吞皇 (急凍) Black Truffle and Shrimp Wonton (Frozen),AA47105000001,PSOSTest_Frozen_Non Meat_Seafood;PSOSTEST36;PSOSTEST433;PSOSElderlyProgram,4891913012725,0,0,0
IRS,"Island Resort, Siu Sai Wan 小西灣藍灣廣場店",H0888001_S_10133453,澳洲M4+ 和牛西冷牛扒 (急凍) Australia M4+ Wagyu Striploin Steak (Frozen),AA47105000001,PSOSTest_FrozenA_B_C;PSOSTEST72;PSOSTEST1027;PSOSElderlyProgram,9343718005549,-4,0,0
IRS,"Island Resort, Siu Sai Wan 小西灣藍灣廣場店",H0888001_S_10133455,澳洲和牛漢堡扒 (急凍) Australia Wagyu Beef Burger (Frozen),AA47105000001,PSOSTest_FrozenA_B_C;PSOSTEST26;PSOSTEST870;PSOSElderlyProgram,9343718005556;9343718008120,0,0,0
IRS,"Island Resort, Siu Sai Wan 小西灣藍灣廣場店",H0888001_S_10133868,日本煮食用帶子(珍寶級)(急凍) Japanese Hokkaido Scallop(Frozen),AA47105000001,PSOSTest_FrozenA_B_C;PSOSTEST45;PSOSTEST371;PSOSElderlyProgram,4897031498489,0,0,0
IRS,"Island Resort, Siu Sai Wan 小西灣藍灣廣場店",H0888001_S_10134523,西班牙伊比利亞黑毛豬扒 (急凍) Iberico Pork Loin Boneless,AA47105000001,PSOSTest_Frozen;PSOSTEST7;PSOSTEST1115;PSOSElderlyProgram,735850028538,0,0,0
IRS,"Island Resort, Siu Sai Wan 小西灣藍灣廣場店",H0888001_S_10134611,"紐西蘭法式羊架, 一包2排(共14-16支骨) (急凍) New Zealand Lamb Rack(7-8 Ribs/piece), (2 pieces/pack) French Cut (Frozen)",AA47105000001,PSOSTest_FrozenA_B_C;PSOSTEST79;PSOSTEST553;PSOSElderlyProgram,2000010145430,0,0,0
IRS,"Island Resort, Siu Sai Wan 小西灣藍灣廣場店",H0888001_S_10134810,韓國辣炒芝士年糕 (急凍) Cheese Toppoki (Frozen),AA11118200001,PSOSTest_Frozen_Non Meat_Seafood;PSOSTEST80;PSOSTEST1777;PSOSElderlyProgram,8809418080572,0,0,0
IRS,"Island Resort, Siu Sai Wan 小西灣藍灣廣場店",H0888001_S_10134869,美國頂級西冷牛扒(厚切)(急凍) U.S.D.A Prime Striploin (Frozen),AA47105000001,PSOSTest_FrozenA_B_C;PSOSTEST84;PSOSTEST412;PSOSElderlyProgram,489705930513,0,0,0
IRS,"Island Resort, Siu Sai Wan 小西灣藍灣廣場店",H0888001_S_10134870,美國Prime 牛肩肉火鍋片 (急凍) U.S.D.A Prime Chuck Roll Sliced (Frozen),AA47105000001,PSOSTest_Frozen;PSOSTEST13;PSOSTEST1225;PSOSElderlyProgram,489705930506,-2,0,0
IRS,"Island Resort, Siu Sai Wan 小西灣藍灣廣場店",H0888001_S_10134876,西班牙栗飼豬梅肉火鍋片 (急凍) Spain Chestnutfed Pork Collar Sliced (Frozen),AA47105000001,PSOSTest_Frozen;PSOSTEST68;PSOSTEST131;PSOSElderlyProgram,4895134103743,0,0,0
IRS,"Island Resort, Siu Sai Wan 小西灣藍灣廣場店",H0888001_S_10136383,澳洲和牛配日本帶子套裝 (急凍) Australia Wagyu Beef PLUS Japanese Scallop Bundle (Frozen),AA47105000001,PSOSTest_Meatset;PSOS188meatset;PSOSAllExcludeList;PSOSTEST61;PSOSTEST1693;PSOSElderlyProgram,99992,0,0,0
IRS,"Island Resort, Siu Sai Wan 小西灣藍灣廣場店",H0888001_S_10136462,挪威4片裝三文魚柳(急凍) Norway Salmon Portion(Frozen),AA47105000001,PSOSTest_Frozen;PSOSTEST87;PSOSTEST839;PSOSElderlyProgram,4897010671131,0,0,0
IRS,"Island Resort, Siu Sai Wan 小西灣藍灣廣場店",H0888001_S_10136470,愛爾蘭蟶子皇[急凍] Frozen Razor Clams,AA47105000001,PSOSTest_Frozen;PSOSTEST38;PSOSTEST1121;PSOSElderlyProgram,4897010673128,0,0,0
IRS,"Island Resort, Siu Sai Wan 小西灣藍灣廣場店",H0888001_S_10136519,法國無添加激素走地全雞 (急凍) Free Range Oven Ready Whole White Chicken  (Frozen),AA11112500000,PSOSTest_Frozen;PSOSTEST28;PSOSTEST282;PSOSElderlyProgram,3266980006228,0,0,0
IRS,"Island Resort, Siu Sai Wan 小西灣藍灣廣場店",H0888001_S_10136676,美國安格斯牛西冷 套裝 (急凍) US Angus Striploin Set (Frozen),AA47105000001,PSOS188meatset;PSOSAllExcludeList;PSOSTEST75;PSOSTEST1603;PSOSElderlyProgram,2000101366768,0,0,0
IRS,"Island Resort, Siu Sai Wan 小西灣藍灣廣場店",H0888001_S_10136677,越南海虎蝦 套裝 (急凍) Vietnam Black Tiger Shrimp Set (Frozen),AA47105000001,PSOSTest_Meatset;PSOSAllExcludeList;PSOSTEST6;PSOSTEST1761;PSOSElderlyProgram,2000101366775,-1900,0,0
IRS,"Island Resort, Siu Sai Wan 小西灣藍灣廣場店",H0888001_S_10136678,無添加激素全雞套裝 (急凍) S-Pure - Whole Chicken Set (Frozen),AA11112530001,PSOSTest_Meatset;PSOSAllExcludeList;PSOSTEST44,2000101366782,0,0,0
IRS,"Island Resort, Siu Sai Wan 小西灣藍灣廣場店",H0888001_S_10143098,政府消費券 Government voucher 111,AA11751000001,PSOSTEST70;PSOSTEST275;PSOSElderlyProgram,,0,0,0
IRS,"Island Resort, Siu Sai Wan 小西灣藍灣廣場店",H1688001_S_KNKF0011,福岡 白鳳蜜桃 (秀等級/2個/約500克) Fukuoka Hakuhou Peach (A Grade/2 pcs/500 g approx.),AA47105000001,PSOSTEST100;PSOSTEST761;PSOSElderlyProgram,456789;H1688001_S_KNKF0011;testing11,0,0,0
IRS,"Island Resort, Siu Sai Wan 小西灣藍灣廣場店",H3005001_S_50000015,Product Name(ZH) Product Name(EN),AA11751000001,PSOSTEST29,Sanity20210720,0,0,0
IRS,"Island Resort, Siu Sai Wan 小西灣藍灣廣場店",H3008001_S_50000013,(荃灣店) 黑松露奶奶雞測試測試 (Tsuen Wan Store) Black Truffle Andong Chicken,AA11751000001,PSOSSanity_20210720;PSOSTEST79;PSOSTEST283;PSOSElderlyProgram,,0,0,0
IRS,"Island Resort, Siu Sai Wan 小西灣藍灣廣場店",H7229002_S_TEST01,出前一丁紅燒牛肉味麵好前一丁紅燒牛肉味麵出前一丁紅燒牛肉味麵好前一丁紅燒牛肉味麵出前一丁紅燒牛肉味麵好前一丁紅燒牛肉味麵 TEST01,AA11115700001,PSOSTesting;PSOSTEST70;PSOSTEST1418;PSOSElderlyProgram,2000010157426,0,0,0
IRS,"Island Resort, Siu Sai Wan 小西灣藍灣廣場店",H7229002_S_TEST02,測試測試 testing 123,AA11115700001,PSOSTesting;PSOSTEST76;PSOSTEST364;PSOSElderlyProgram,2000010157433,0,0,0
IRS,"Island Resort, Siu Sai Wan 小西灣藍灣廣場店",H7229002_S_TEST03,TEST03 TEST03,AA11115700001,PSOSTesting;PSOSTEST87;PSOSTEST874;PSOSElderlyProgram,2000010157440,0,0,0
IRS,"Island Resort, Siu Sai Wan 小西灣藍灣廣場店",POS_DUMMY_1007,dummy dummy,AA11010000000,PSOSTEST35,,0,0,0
IRS,"Island Resort, Siu Sai Wan 小西灣藍灣廣場店",POS_DUMMY_1008,dummy dummy,AA11011000001,PSOSTEST20;PSOSTEST1194;PSOSElderlyProgram,,0,0,0
IRS,"Island Resort, Siu Sai Wan 小西灣藍灣廣場店",POS_DUMMY_1009,dummy dummy,AA11012000001,PSOSTEST27;PSOSElderlyProgram,,0,0,0
IRS,"Island Resort, Siu Sai Wan 小西灣藍灣廣場店",POS_DUMMY_101,dummy dummy,AA11081000001,PSOSTEST100;PSOSElderlyProgram,,0,0,0
IRS,"Island Resort, Siu Sai Wan 小西灣藍灣廣場店",POS_DUMMY_1010,dummy dummy,AA11082000001,PSOSTEST17;PSOSTEST1239;PSOSElderlyProgram,,0,0,0
IRS,"Island Resort, Siu Sai Wan 小西灣藍灣廣場店",POS_DUMMY_1011,dummy dummy,AA11112000001,PSOSTEST30;PSOSTEST448;PSOSElderlyProgram,,0,0,0
IRS,"Island Resort, Siu Sai Wan 小西灣藍灣廣場店",POS_DUMMY_1012,dummy dummy,AA11112500000,PSOSTEST47;PSOSElderlyProgram,,0,0,0
IRS,"Island Resort, Siu Sai Wan 小西灣藍灣廣場店",POS_DUMMY_1013,dummy dummy,AA11112510001,PSOSTEST3;PSOSTEST1434;PSOSElderlyProgram,,0,0,0
IRS,"Island Resort, Siu Sai Wan 小西灣藍灣廣場店",POS_DUMMY_1014,dummy dummy,AA11112520001,PSOSTEST27;PSOSElderlyProgram,,0,0,0
IRS,"Island Resort, Siu Sai Wan 小西灣藍灣廣場店",POS_DUMMY_1015,dummy dummy,AA11112530001,PSOSTEST66;PSOSElderlyProgram,,0,0,0
IRS,"Island Resort, Siu Sai Wan 小西灣藍灣廣場店",POS_DUMMY_1016,dummy dummy,AA11112540001,PSOSTEST490;PSOSElderlyProgram,,0,0,0
IRS,"Island Resort, Siu Sai Wan 小西灣藍灣廣場店",POS_DUMMY_1017,dummy dummy,AA11112550001,PSOSTEST117;PSOSElderlyProgram,,0,0,0
IRS,"Island Resort, Siu Sai Wan 小西灣藍灣廣場店",POS_DUMMY_1018,dummy dummy,AA11112560001,PSOSTEST1220;PSOSElderlyProgram,,0,0,0
IRS,"Island Resort, Siu Sai Wan 小西灣藍灣廣場店",POS_DUMMY_1019,dummy dummy,AA11113030001,PSOSTEST49;PSOSTEST1786;PSOSElderlyProgram,,0,0,0
IRS,"Island Resort, Siu Sai Wan 小西灣藍灣廣場店",POS_DUMMY_102,dummy dummy,AA11113040001,PSOSElderlyProgram,,0,0,0
IRS,"Island Resort, Siu Sai Wan 小西灣藍灣廣場店",POS_DUMMY_1020,dummy dummy,AA11113700001,PSOSTEST38;PSOSTEST181;PSOSElderlyProgram,,0,0,0
IRS,"Island Resort, Siu Sai Wan 小西灣藍灣廣場店",POS_DUMMY_1021,dummy dummy,AA11114200001,PSOSTEST47;PSOSElderlyProgram,,0,0,0
IRS,"Island Resort, Siu Sai Wan 小西灣藍灣廣場店",POS_DUMMY_1022,dummy dummy,AA11114700001,PSOSTEST65;PSOSTEST1083;PSOSElderlyProgram,,0,0,0
IRS,"Island Resort, Siu Sai Wan 小西灣藍灣廣場店",POS_DUMMY_1023,dummy dummy,AA11115000001,PSOSTEST3;PSOSElderlyProgram,,0,0,0
IRS,"Island Resort, Siu Sai Wan 小西灣藍灣廣場店",POS_DUMMY_1024,dummy dummy,AA11115700001,PSOSTEST62;PSOSTEST1268;PSOSElderlyProgram,,0,0,0
IRS,"Island Resort, Siu Sai Wan 小西灣藍灣廣場店",POS_DUMMY_1025,dummy dummy,AA11116700001,PSOSTEST30;PSOSTEST1673;PSOSElderlyProgram,,0,0,0
IRS,"Island Resort, Siu Sai Wan 小西灣藍灣廣場店",POS_DUMMY_1026,dummy dummy,AA11118200001,PSOSTEST62;PSOSElderlyProgram,,0,0,0
IRS,"Island Resort, Siu Sai Wan 小西灣藍灣廣場店",POS_DUMMY_1027,dummy dummy,AA11150510001,PSOSTEST65;PSOSTEST1233;PSOSElderlyProgram,,0,0,0
IRS,"Island Resort, Siu Sai Wan 小西灣藍灣廣場店",POS_DUMMY_1028,dummy dummy,AA11150520001,PSOSTEST19;PSOSTEST120;PSOSElderlyProgram,,0,0,0
IRS,"Island Resort, Siu Sai Wan 小西灣藍灣廣場店",POS_DUMMY_1029,dummy dummy,AA11150540001,PSOSTEST296;PSOSElderlyProgram,,0,0,0
IRS,"Island Resort, Siu Sai Wan 小西灣藍灣廣場店",POS_DUMMY_103,dummy dummy,AA11150560001,PSOSTEST24;PSOSElderlyProgram,,0,0,0
IRS,"Island Resort, Siu Sai Wan 小西灣藍灣廣場店",POS_DUMMY_1030,dummy dummy,AA11151510001,PSOSTEST36;PSOSTEST1775;PSOSElderlyProgram,,0,0,0
IRS,"Island Resort, Siu Sai Wan 小西灣藍灣廣場店",POS_DUMMY_1031,dummy dummy,AA11153005001,PSOSTEST1128;PSOSElderlyProgram,,0,0,0
IRS,"Island Resort, Siu Sai Wan 小西灣藍灣廣場店",POS_DUMMY_1032,dummy dummy,AA11153045001,PSOSTEST294;PSOSElderlyProgram,,0,0,0
IRS,"Island Resort, Siu Sai Wan 小西灣藍灣廣場店",POS_DUMMY_1033,dummy dummy,AA11153510001,PSOSTEST22;PSOSTEST212;PSOSElderlyProgram,,0,0,0
IRS,"Island Resort, Siu Sai Wan 小西灣藍灣廣場店",POS_DUMMY_1034,dummy dummy,AA11156000001,PSOSTEST65;PSOSTEST1131;PSOSElderlyProgram,,0,0,0
IRS,"Island Resort, Siu Sai Wan 小西灣藍灣廣場店",POS_DUMMY_1035,dummy dummy,AA11158010001,PSOSTEST16;PSOSTEST1388;PSOSElderlyProgram,,0,0,0
IRS,"Island Resort, Siu Sai Wan 小西灣藍灣廣場店",POS_DUMMY_1036,dummy dummy,AA11221000001,PSOSTEST27;PSOSElderlyProgram,,0,0,0
IRS,"Island Resort, Siu Sai Wan 小西灣藍灣廣場店",POS_DUMMY_1037,dummy dummy,AA11222010001,PSOSTEST23;PSOSTEST1517;PSOSElderlyProgram,,0,0,0
IRS,"Island Resort, Siu Sai Wan 小西灣藍灣廣場店",POS_DUMMY_1038,dummy dummy,AA11222015001,PSOSTEST49;PSOSElderlyProgram,,0,0,0
IRS,"Island Resort, Siu Sai Wan 小西灣藍灣廣場店",POS_DUMMY_1039,dummy dummy,AA11223000001,PSOSTEST1243;PSOSElderlyProgram,,0,0,0
IRS,"Island Resort, Siu Sai Wan 小西灣藍灣廣場店",POS_DUMMY_104,dummy dummy,AA11224025001,PSOSTEST29;PSOSTEST1876;PSOSElderlyProgram,,0,0,0
IRS,"Island Resort, Siu Sai Wan 小西灣藍灣廣場店",POS_DUMMY_1040,dummy dummy,AA11224510001,PSOSTEST21;PSOSTEST1869;PSOSElderlyProgram,,0,0,0
IRS,"Island Resort, Siu Sai Wan 小西灣藍灣廣場店",POS_DUMMY_1041,dummy dummy,AA11225030001,PSOSTEST14;PSOSElderlyProgram,,0,0,0
IRS,"Island Resort, Siu Sai Wan 小西灣藍灣廣場店",POS_DUMMY_1042,dummy dummy,AA11301015001,PSOSTEST35;PSOSTEST1049;PSOSElderlyProgram,,0,0,0
IRS,"Island Resort, Siu Sai Wan 小西灣藍灣廣場店",POS_DUMMY_1043,dummy dummy,AA11301020001,PSOSTEST17;PSOSTEST248;PSOSElderlyProgram,,0,0,0
IRS,"Island Resort, Siu Sai Wan 小西灣藍灣廣場店",POS_DUMMY_1044,dummy dummy,AA11301140001,PSOSTEST422;PSOSElderlyProgram,,0,0,0
IRS,"Island Resort, Siu Sai Wan 小西灣藍灣廣場店",POS_DUMMY_1045,dummy dummy,AA11301180001,PSOSTEST1090;PSOSElderlyProgram,,0,0,0
IRS,"Island Resort, Siu Sai Wan 小西灣藍灣廣場店",POS_DUMMY_1046,dummy dummy,AA11301190001,PSOSTEST32;PSOSTEST1176;PSOSElderlyProgram,,0,0,0
IRS,"Island Resort, Siu Sai Wan 小西灣藍灣廣場店",POS_DUMMY_1047,dummy dummy,AA11354005001,PSOSTEST42;PSOSTEST1558;PSOSElderlyProgram,,0,0,0
IRS,"Island Resort, Siu Sai Wan 小西灣藍灣廣場店",POS_DUMMY_1048,dummy dummy,AA11357005001,PSOSElderlyProgram,,0,0,0
IRS,"Island Resort, Siu Sai Wan 小西灣藍灣廣場店",POS_DUMMY_1049,dummy dummy,AA11357010001,PSOSTEST61;PSOSTEST1336;PSOSElderlyProgram,,0,0,0
IRS,"Island Resort, Siu Sai Wan 小西灣藍灣廣場店",POS_DUMMY_105,dummy dummy,AA11381030001,PSOSTEST29;PSOSTEST178;PSOSElderlyProgram,,0,0,0
IRS,"Island Resort, Siu Sai Wan 小西灣藍灣廣場店",POS_DUMMY_1050,dummy dummy,AA11451005001,PSOSElderlyProgram,,0,0,0
IRS,"Island Resort, Siu Sai Wan 小西灣藍灣廣場店",POS_DUMMY_1051,dummy dummy,AA11451020001,PSOSTEST1649;PSOSElderlyProgram,,0,0,0
IRS,"Island Resort, Siu Sai Wan 小西灣藍灣廣場店",POS_DUMMY_1052,dummy dummy,AA11451025001,PSOSTEST32;PSOSElderlyProgram,,0,0,0
IRS,"Island Resort, Siu Sai Wan 小西灣藍灣廣場店",POS_DUMMY_1053,dummy dummy,AA11451045001,PSOSTEST28;PSOSTEST1581;PSOSElderlyProgram,,0,0,0
IRS,"Island Resort, Siu Sai Wan 小西灣藍灣廣場店",POS_DUMMY_1054,dummy dummy,AA11453020001,PSOSTEST26;PSOSTEST223;PSOSElderlyProgram,,0,0,0
IRS,"Island Resort, Siu Sai Wan 小西灣藍灣廣場店",POS_DUMMY_1055,dummy dummy,AA11453030001,PSOSTEST63;PSOSTEST1948;PSOSElderlyProgram,,0,0,0
IRS,"Island Resort, Siu Sai Wan 小西灣藍灣廣場店",POS_DUMMY_1056,dummy dummy,AA11454015001,PSOSTEST61;PSOSTEST480;PSOSElderlyProgram,,0,0,0
IRS,"Island Resort, Siu Sai Wan 小西灣藍灣廣場店",POS_DUMMY_1057,dummy dummy,AA11455015001,PSOSTEST1729;PSOSElderlyProgram,,0,0,0
IRS,"Island Resort, Siu Sai Wan 小西灣藍灣廣場店",POS_DUMMY_1058,dummy dummy,AA11455030001,PSOSTEST6;PSOSElderlyProgram,,0,0,0
IRS,"Island Resort, Siu Sai Wan 小西灣藍灣廣場店",POS_DUMMY_1059,dummy dummy,AA11456005001,PSOSTEST21;PSOSTEST1715;PSOSElderlyProgram,,0,0,0
IRS,"Island Resort, Siu Sai Wan 小西灣藍灣廣場店",POS_DUMMY_106,dummy dummy,AA11457000001,PSOSTEST34;PSOSTEST281;PSOSElderlyProgram,,0,0,0
IRS,"Island Resort, Siu Sai Wan 小西灣藍灣廣場店",POS_DUMMY_1060,dummy dummy,AA11458000001,PSOSTEST1806;PSOSElderlyProgram,,0,0,0
IRS,"Island Resort, Siu Sai Wan 小西灣藍灣廣場店",POS_DUMMY_1061,dummy dummy,AA11487000001,PSOSTEST1479;PSOSElderlyProgram,,0,0,0
IRS,"Island Resort, Siu Sai Wan 小西灣藍灣廣場店",POS_DUMMY_1062,dummy dummy,AA11488000001,PSOSTEST1524;PSOSElderlyProgram,,0,0,0
IRS,"Island Resort, Siu Sai Wan 小西灣藍灣廣場店",POS_DUMMY_1063,dummy dummy,AA11551000001,PSOSTEST69;PSOSElderlyProgram,,0,0,0
IRS,"Island Resort, Siu Sai Wan 小西灣藍灣廣場店",POS_DUMMY_1064,dummy dummy,AA11552500001,PSOSTEST1687;PSOSElderlyProgram,,0,0,0
IRS,"Island Resort, Siu Sai Wan 小西灣藍灣廣場店",POS_DUMMY_1065,dummy dummy,AA11553000001,PSOSElderlyProgram,,0,0,0
IRS,"Island Resort, Siu Sai Wan 小西灣藍灣廣場店",POS_DUMMY_1066,dummy dummy,AA11556000001,PSOSTEST6;PSOSTEST1553;PSOSElderlyProgram,,0,0,0
IRS,"Island Resort, Siu Sai Wan 小西灣藍灣廣場店",POS_DUMMY_1067,dummy dummy,AA11602005001,PSOSTEST1285;PSOSElderlyProgram,,0,0,0
IRS,"Island Resort, Siu Sai Wan 小西灣藍灣廣場店",POS_DUMMY_1068,dummy dummy,AA11654000001,PSOSTEST18;PSOSElderlyProgram,,0,0,0
IRS,"Island Resort, Siu Sai Wan 小西灣藍灣廣場店",POS_DUMMY_1069,dummy dummy,AA11727500001,PSOSTEST47;PSOSElderlyProgram,,0,0,0
IRS,"Island Resort, Siu Sai Wan 小西灣藍灣廣場店",POS_DUMMY_107,dummy dummy,AA11751000001,PSOSTEST33;PSOSTEST1729;PSOSElderlyProgram,,0,0,0
IRS,"Island Resort, Siu Sai Wan 小西灣藍灣廣場店",POS_DUMMY_1070,dummy dummy,AA11820515001,PSOSTEST1034;PSOSElderlyProgram,,0,0,0
IRS,"Island Resort, Siu Sai Wan 小西灣藍灣廣場店",POS_DUMMY_1071,dummy dummy,AA11851005001,PSOSTEST1448;PSOSElderlyProgram,,0,0,0
IRS,"Island Resort, Siu Sai Wan 小西灣藍灣廣場店",POS_DUMMY_1072,dummy dummy,AA11851025001,PSOSTEST1950;PSOSElderlyProgram,,0,0,0
IRS,"Island Resort, Siu Sai Wan 小西灣藍灣廣場店",POS_DUMMY_1073,dummy dummy,AA11852005001,PSOSTEST68;PSOSElderlyProgram,,0,0,0
IRS,"Island Resort, Siu Sai Wan 小西灣藍灣廣場店",POS_DUMMY_1074,dummy dummy,AA11852015001,PSOSTEST33;PSOSTEST1505;PSOSElderlyProgram,,0,0,0
IRS,"Island Resort, Siu Sai Wan 小西灣藍灣廣場店",POS_DUMMY_1075,dummy dummy,AA11853010001,PSOSTEST1752;PSOSElderlyProgram,,0,0,0
IRS,"Island Resort, Siu Sai Wan 小西灣藍灣廣場店",POS_DUMMY_1076,dummy dummy,AA11856000001,PSOSTEST37;PSOSElderlyProgram,,0,0,0
IRS,"Island Resort, Siu Sai Wan 小西灣藍灣廣場店",POS_DUMMY_1077,dummy dummy,AA11924005001,PSOSTEST37;PSOSTEST1057;PSOSElderlyProgram,,0,0,0
IRS,"Island Resort, Siu Sai Wan 小西灣藍灣廣場店",POS_DUMMY_1078,dummy dummy,AA11924015001,PSOSTEST1175;PSOSElderlyProgram,,0,0,0
IRS,"Island Resort, Siu Sai Wan 小西灣藍灣廣場店",POS_DUMMY_1079,dummy dummy,AA13104060001,PSOSTEST19;PSOSTEST1959;PSOSElderlyProgram,,0,0,0
IRS,"Island Resort, Siu Sai Wan 小西灣藍灣廣場店",POS_DUMMY_108,dummy dummy,AA13205005000,PSOSTEST64;PSOSTEST1828;PSOSElderlyProgram,,0,0,0
IRS,"Island Resort, Siu Sai Wan 小西灣藍灣廣場店",POS_DUMMY_1080,dummy dummy,AA15103000001,PSOSElderlyProgram,,0,0,0
IRS,"Island Resort, Siu Sai Wan 小西灣藍灣廣場店",POS_DUMMY_1081,dummy dummy,AA18102510001,PSOSTEST12;PSOSTEST1245;PSOSElderlyProgram,,0,0,0
IRS,"Island Resort, Siu Sai Wan 小西灣藍灣廣場店",POS_DUMMY_1082,dummy dummy,AA18150520001,PSOSTEST34;PSOSTEST1485;PSOSElderlyProgram,,0,0,0
IRS,"Island Resort, Siu Sai Wan 小西灣藍灣廣場店",POS_DUMMY_1083,dummy dummy,AA18151010001,PSOSTEST32;PSOSTEST101;PSOSElderlyProgram,,0,0,0
IRS,"Island Resort, Siu Sai Wan 小西灣藍灣廣場店",POS_DUMMY_1084,dummy dummy,AA22701000001,PSOSTEST63;PSOSTEST372;PSOSElderlyProgram,,0,0,0
IRS,"Island Resort, Siu Sai Wan 小西灣藍灣廣場店",POS_DUMMY_1085,dummy dummy,AA28053000001,PSOSElderlyProgram,,0,0,0
IRS,"Island Resort, Siu Sai Wan 小西灣藍灣廣場店",POS_DUMMY_1086,dummy dummy,AA31050500001,PSOSTEST479;PSOSElderlyProgram,,0,0,0
IRS,"Island Resort, Siu Sai Wan 小西灣藍灣廣場店",POS_DUMMY_1087,dummy dummy,AA32100303101,PSOSTEST43;PSOSTEST255;PSOSElderlyProgram,,0,0,0
IRS,"Island Resort, Siu Sai Wan 小西灣藍灣廣場店",POS_DUMMY_1088,dummy dummy,AA33401000001,PSOSTEST4;PSOSTEST1138;PSOSElderlyProgram,,0,0,0
IRS,"Island Resort, Siu Sai Wan 小西灣藍灣廣場店",POS_DUMMY_1089,dummy dummy,AA33451000001,PSOSTEST472;PSOSElderlyProgram,,0,0,0
IRS,"Island Resort, Siu Sai Wan 小西灣藍灣廣場店",POS_DUMMY_109,dummy dummy,AA33501000001,PSOSTEST61;PSOSTEST124;PSOSElderlyProgram,,0,0,0
IRS,"Island Resort, Siu Sai Wan 小西灣藍灣廣場店",POS_DUMMY_1090,dummy dummy,AA33504000001,PSOSTEST10;PSOSElderlyProgram,,0,0,0
IRS,"Island Resort, Siu Sai Wan 小西灣藍灣廣場店",POS_DUMMY_1091,dummy dummy,AA33604000001,PSOSTEST6;PSOSTEST1944;PSOSElderlyProgram,,0,0,0
IRS,"Island Resort, Siu Sai Wan 小西灣藍灣廣場店",POS_DUMMY_1092,dummy dummy,AA37101500001,PSOSTEST3;PSOSTEST1646;PSOSElderlyProgram,,0,0,0
IRS,"Island Resort, Siu Sai Wan 小西灣藍灣廣場店",POS_DUMMY_1093,dummy dummy,AA37104500001,PSOSTEST1932;PSOSElderlyProgram,,0,0,0
IRS,"Island Resort, Siu Sai Wan 小西灣藍灣廣場店",POS_DUMMY_1094,dummy dummy,AA37105000001,PSOSTEST1303;PSOSElderlyProgram,,0,0,0
IRS,"Island Resort, Siu Sai Wan 小西灣藍灣廣場店",POS_DUMMY_1095,dummy dummy,AA37251000001,PSOSTEST21;PSOSTEST1887;PSOSElderlyProgram,,0,0,0
IRS,"Island Resort, Siu Sai Wan 小西灣藍灣廣場店",POS_DUMMY_1096,dummy dummy,AA37254000001,PSOSTEST22;PSOSElderlyProgram,,0,0,0
IRS,"Island Resort, Siu Sai Wan 小西灣藍灣廣場店",POS_DUMMY_1097,dummy dummy,AA37255000001,PSOSTEST1149;PSOSElderlyProgram,,0,0,0
IRS,"Island Resort, Siu Sai Wan 小西灣藍灣廣場店",POS_DUMMY_1098,dummy dummy,AA37256000001,PSOSTEST27;PSOSTEST1623;PSOSElderlyProgram,,0,0,0
IRS,"Island Resort, Siu Sai Wan 小西灣藍灣廣場店",POS_DUMMY_1099,dummy dummy,AA37302000001,PSOSTEST31;PSOSTEST1084;PSOSElderlyProgram,,0,0,0
IRS,"Island Resort, Siu Sai Wan 小西灣藍灣廣場店",POS_DUMMY_11,dummy dummy,AA37305000001,PSOSTEST1665;PSOSElderlyProgram,,0,0,0
IRS,"Island Resort, Siu Sai Wan 小西灣藍灣廣場店",POS_DUMMY_110,dummy dummy,AA37306500001,PSOSTEST1433;PSOSElderlyProgram,,0,0,0
IRS,"Island Resort, Siu Sai Wan 小西灣藍灣廣場店",POS_DUMMY_1100,dummy dummy,AA37354500001,PSOSElderlyProgram,,0,0,0
IRS,"Island Resort, Siu Sai Wan 小西灣藍灣廣場店",POS_DUMMY_1101,dummy dummy,AA37452000001,PSOSTEST474;PSOSElderlyProgram,,0,0,0
IRS,"Island Resort, Siu Sai Wan 小西灣藍灣廣場店",POS_DUMMY_1102,dummy dummy,AA37557000001,PSOSTEST6;PSOSElderlyProgram,,0,0,0
IRS,"Island Resort, Siu Sai Wan 小西灣藍灣廣場店",POS_DUMMY_1103,dummy dummy,AA37701000001,PSOSTEST221;PSOSElderlyProgram,,0,0,0
IRS,"Island Resort, Siu Sai Wan 小西灣藍灣廣場店",POS_DUMMY_1104,dummy dummy,AA37702000001,PSOSTEST62;PSOSTEST201;PSOSElderlyProgram,,0,0,0
IRS,"Island Resort, Siu Sai Wan 小西灣藍灣廣場店",POS_DUMMY_1105,dummy dummy,AA37754000001,PSOSTEST1555;PSOSElderlyProgram,,0,0,0
IRS,"Island Resort, Siu Sai Wan 小西灣藍灣廣場店",POS_DUMMY_1106,dummy dummy,AA37755000001,PSOSTEST440;PSOSElderlyProgram,,0,0,0
IRS,"Island Resort, Siu Sai Wan 小西灣藍灣廣場店",POS_DUMMY_1107,dummy dummy,AA37800000001,PSOSElderlyProgram,,0,0,0
IRS,"Island Resort, Siu Sai Wan 小西灣藍灣廣場店",POS_DUMMY_1108,dummy dummy,AA42101500001,PSOSTEST268;PSOSElderlyProgram,,0,0,0
IRS,"Island Resort, Siu Sai Wan 小西灣藍灣廣場店",POS_DUMMY_1109,dummy dummy,AA42105000001,PSOSTEST68;PSOSTEST1520;PSOSElderlyProgram,,0,0,0
IRS,"Island Resort, Siu Sai Wan 小西灣藍灣廣場店",POS_DUMMY_111,dummy dummy,AA42106500001,PSOSTEST69;PSOSElderlyProgram,,0,0,0
IRS,"Island Resort, Siu Sai Wan 小西灣藍灣廣場店",POS_DUMMY_1110,dummy dummy,AA42151500001,PSOSTEST39;PSOSTEST1842;PSOSElderlyProgram,,0,0,0
IRS,"Island Resort, Siu Sai Wan 小西灣藍灣廣場店",POS_DUMMY_1111,dummy dummy,AA42155500001,PSOSTEST1991;PSOSElderlyProgram,,0,0,0
IRS,"Island Resort, Siu Sai Wan 小西灣藍灣廣場店",POS_DUMMY_1112,dummy dummy,AA42156000001,PSOSTEST173;PSOSElderlyProgram,,0,0,0
IRS,"Island Resort, Siu Sai Wan 小西灣藍灣廣場店",POS_DUMMY_1113,dummy dummy,AA42203500001,PSOSTEST41;PSOSTEST1017;PSOSElderlyProgram,,0,0,0
IRS,"Island Resort, Siu Sai Wan 小西灣藍灣廣場店",POS_DUMMY_1114,dummy dummy,AA42204500001,PSOSTEST431;PSOSElderlyProgram,,0,0,0
IRS,"Island Resort, Siu Sai Wan 小西灣藍灣廣場店",POS_DUMMY_1115,dummy dummy,AA42205000001,PSOSTEST1599;PSOSElderlyProgram,,0,0,0
IRS,"Island Resort, Siu Sai Wan 小西灣藍灣廣場店",POS_DUMMY_1116,dummy dummy,AA42252000001,PSOSTEST20;PSOSTEST1375;PSOSElderlyProgram,,0,0,0
IRS,"Island Resort, Siu Sai Wan 小西灣藍灣廣場店",POS_DUMMY_1117,dummy dummy,AA42254500001,PSOSTEST43;PSOSTEST1249;PSOSElderlyProgram,,0,0,0
IRS,"Island Resort, Siu Sai Wan 小西灣藍灣廣場店",POS_DUMMY_1118,dummy dummy,AA42301500001,PSOSTEST1439;PSOSElderlyProgram,,0,0,0
IRS,"Island Resort, Siu Sai Wan 小西灣藍灣廣場店",POS_DUMMY_1119,dummy dummy,AA42302500001,PSOSTEST292;PSOSElderlyProgram,,0,0,0
IRS,"Island Resort, Siu Sai Wan 小西灣藍灣廣場店",POS_DUMMY_112,dummy dummy,AA42303000001,PSOSTEST15;PSOSTEST1480;PSOSElderlyProgram,,0,0,0
IRS,"Island Resort, Siu Sai Wan 小西灣藍灣廣場店",POS_DUMMY_1120,dummy dummy,AA42401000001,PSOSTEST65;PSOSTEST1323;PSOSElderlyProgram,,0,0,0
IRS,"Island Resort, Siu Sai Wan 小西灣藍灣廣場店",POS_DUMMY_1121,dummy dummy,AA42652500001,PSOSTEST19;PSOSTEST1414;PSOSElderlyProgram,,0,0,0
IRS,"Island Resort, Siu Sai Wan 小西灣藍灣廣場店",POS_DUMMY_1122,dummy dummy,AA42653000001,PSOSTEST46;PSOSTEST1706;PSOSElderlyProgram,,0,0,0
IRS,"Island Resort, Siu Sai Wan 小西灣藍灣廣場店",POS_DUMMY_1123,dummy dummy,AA47101000001,PSOSTEST36;PSOSElderlyProgram,,0,0,0
IRS,"Island Resort, Siu Sai Wan 小西灣藍灣廣場店",POS_DUMMY_1124,dummy dummy,AA47101500001,PSOSTEST12;PSOSTEST1802;PSOSElderlyProgram,,0,0,0
IRS,"Island Resort, Siu Sai Wan 小西灣藍灣廣場店",POS_DUMMY_1125,dummy dummy,AA47102000001,PSOSElderlyProgram,,0,0,0
IRS,"Island Resort, Siu Sai Wan 小西灣藍灣廣場店",POS_DUMMY_1126,dummy dummy,AA47102500001,PSOSTEST4;PSOSTEST422;PSOSElderlyProgram,,0,0,0
IRS,"Island Resort, Siu Sai Wan 小西灣藍灣廣場店",POS_DUMMY_1127,dummy dummy,AA47103000001,PSOSTEST1442;PSOSElderlyProgram,,0,0,0
IRS,"Island Resort, Siu Sai Wan 小西灣藍灣廣場店",POS_DUMMY_1128,dummy dummy,AA47105000001,PSOSTEST1531;PSOSElderlyProgram,,0,0,0
IRS,"Island Resort, Siu Sai Wan 小西灣藍灣廣場店",POS_DUMMY_1129,dummy dummy,AA47106000001,PSOSTEST1783;PSOSElderlyProgram,,0,0,0
IRS,"Island Resort, Siu Sai Wan 小西灣藍灣廣場店",POS_DUMMY_113,dummy dummy,AA47106500001,PSOSTEST29;PSOSElderlyProgram,,0,0,0
IRS,"Island Resort, Siu Sai Wan 小西灣藍灣廣場店",POS_DUMMY_1130,dummy dummy,AA47107500001,PSOSTEST1813;PSOSElderlyProgram,,0,0,0
IRS,"Island Resort, Siu Sai Wan 小西灣藍灣廣場店",POS_DUMMY_1131,dummy dummy,AA47108500001,PSOSElderlyProgram,,0,0,0
IRS,"Island Resort, Siu Sai Wan 小西灣藍灣廣場店",POS_DUMMY_1132,dummy dummy,AA47109000001,PSOSTEST40;PSOSTEST1193;PSOSElderlyProgram,,0,0,0
IRS,"Island Resort, Siu Sai Wan 小西灣藍灣廣場店",POS_DUMMY_1133,dummy dummy,AA47152000001,PSOSTEST47;PSOSElderlyProgram,,0,0,0
IRS,"Island Resort, Siu Sai Wan 小西灣藍灣廣場店",POS_DUMMY_1134,dummy dummy,AA47156000001,PSOSTEST4;PSOSElderlyProgram,,0,0,0
IRS,"Island Resort, Siu Sai Wan 小西灣藍灣廣場店",POS_DUMMY_1135,dummy dummy,AA47559000001,PSOSTEST4;PSOSTEST341;PSOSElderlyProgram,,0,0,0
IRS,"Island Resort, Siu Sai Wan 小西灣藍灣廣場店",POS_DUMMY_1136,dummy dummy,AA60403000001,PSOSTEST385;PSOSElderlyProgram,,0,0,0
IRS,"Island Resort, Siu Sai Wan 小西灣藍灣廣場店",POS_DUMMY_1137,dummy dummy,AA70157500001,PSOSTEST1513;PSOSElderlyProgram,,0,0,0
IRS,"Island Resort, Siu Sai Wan 小西灣藍灣廣場店",POS_DUMMY_1138,dummy dummy,AA70300500001,PSOSTEST1438;PSOSElderlyProgram,,0,0,0
IRS,"Island Resort, Siu Sai Wan 小西灣藍灣廣場店",POS_DUMMY_1139,dummy dummy,AA70552500001,PSOSTEST37;PSOSTEST1928;PSOSElderlyProgram,,0,0,0
IRS,"Island Resort, Siu Sai Wan 小西灣藍灣廣場店",POS_DUMMY_114,dummy dummy,AA70558500001,PSOSTEST1828;PSOSElderlyProgram,,0,0,0
IRS,"Island Resort, Siu Sai Wan 小西灣藍灣廣場店",POS_DUMMY_1140,dummy dummy,AA83204070001,PSOSTEST12;PSOSTEST1683;PSOSElderlyProgram,,0,0,0
IRS,"Island Resort, Siu Sai Wan 小西灣藍灣廣場店",POS_DUMMY_1141,dummy dummy,AA95256000001,PSOSTEST48;PSOSTEST1995;PSOSElderlyProgram,,0,0,0
IRS,"Island Resort, Siu Sai Wan 小西灣藍灣廣場店",POS_DUMMY_1142,dummy dummy,POS_CAT_9_85,PSOSTEST450;PSOSElderlyProgram,,0,0,0
IRS,"Island Resort, Siu Sai Wan 小西灣藍灣廣場店",POS_DUMMY_1143,dummy dummy,POS_CAT_BABY,PSOSElderlyProgram,,0,0,0
IRS,"Island Resort, Siu Sai Wan 小西灣藍灣廣場店",POS_DUMMY_1144,dummy dummy,POS_CAT_DollDimSum,PSOSTEST1270;PSOSElderlyProgram,,0,0,0
IRS,"Island Resort, Siu Sai Wan 小西灣藍灣廣場店",POS_DUMMY_1145,dummy dummy,POS_CAT_FROZEN,PSOSTEST14;PSOSTEST1268;PSOSElderlyProgram,,0,0,0
IRS,"Island Resort, Siu Sai Wan 小西灣藍灣廣場店",POS_DUMMY_1146,dummy dummy,POS_CAT_TABLE,PSOSTEST417;PSOSElderlyProgram,,0,0,0
IRS,"Island Resort, Siu Sai Wan 小西灣藍灣廣場店",POS_DUMMY_1147,dummy dummy,POS_CAT_VIP_EXCEPT,PSOSTEST42;PSOSElderlyProgram,,0,0,0
IRS,"Island Resort, Siu Sai Wan 小西灣藍灣廣場店",POS_DUMMY_1148,dummy dummy,PSOS0316testing,PSOSTEST35;PSOSTEST1167;PSOSElderlyProgram,,0,0,0
IRS,"Island Resort, Siu Sai Wan 小西灣藍灣廣場店",POS_DUMMY_1149,dummy dummy,PSOS1026-1,PSOSTEST61;PSOSTEST162;PSOSElderlyProgram,,0,0,0
IRS,"Island Resort, Siu Sai Wan 小西灣藍灣廣場店",POS_DUMMY_115,dummy dummy,PSOS123123123,PSOSTEST20;PSOSTEST1570;PSOSElderlyProgram,,0,0,0
IRS,"Island Resort, Siu Sai Wan 小西灣藍灣廣場店",POS_DUMMY_1150,dummy dummy,PSOS1231231233,PSOSTEST461;PSOSElderlyProgram,,0,0,0
IRS,"Island Resort, Siu Sai Wan 小西灣藍灣廣場店",POS_DUMMY_1151,dummy dummy,PSOS188meatset,PSOSTEST38;PSOSTEST1088;PSOSElderlyProgram,,0,0,0
IRS,"Island Resort, Siu Sai Wan 小西灣藍灣廣場店",POS_DUMMY_1152,dummy dummy,PSOS20191107,PSOSTEST27;PSOSElderlyProgram,,0,0,0
IRS,"Island Resort, Siu Sai Wan 小西灣藍灣廣場店",POS_DUMMY_1153,dummy dummy,PSOSAllExcludeList,PSOSTEST1;PSOSTEST147;PSOSElderlyProgram,,0,0,0
IRS,"Island Resort, Siu Sai Wan 小西灣藍灣廣場店",POS_DUMMY_1154,dummy dummy,PSOSBIOLANE,PSOSTEST63;PSOSElderlyProgram,,0,0,0
IRS,"Island Resort, Siu Sai Wan 小西灣藍灣廣場店",POS_DUMMY_1155,dummy dummy,PSOSclearance_exclude_list,PSOSTEST23;PSOSTEST1738;PSOSElderlyProgram,,0,0,0
IRS,"Island Resort, Siu Sai Wan 小西灣藍灣廣場店",POS_DUMMY_1156,dummy dummy,PSOScoupon,PSOSTEST1365;PSOSElderlyProgram,,0,0,0
IRS,"Island Resort, Siu Sai Wan 小西灣藍灣廣場店",POS_DUMMY_1157,dummy dummy,PSOSIMAX_KERRY,PSOSTEST19;PSOSTEST1329;PSOSElderlyProgram,,0,0,0
IRS,"Island Resort, Siu Sai Wan 小西灣藍灣廣場店",POS_DUMMY_1158,dummy dummy,PSOSnoodles,PSOSTEST44;PSOSElderlyProgram,,0,0,0
IRS,"Island Resort, Siu Sai Wan 小西灣藍灣廣場店",POS_DUMMY_1159,dummy dummy,PSOSper0318,PSOSTEST1310;PSOSElderlyProgram,,0,0,0
IRS,"Island Resort, Siu Sai Wan 小西灣藍灣廣場店",POS_DUMMY_116,dummy dummy,PSOSSanity_20210720,PSOSTEST1906;PSOSElderlyProgram,,0,0,0
IRS,"Island Resort, Siu Sai Wan 小西灣藍灣廣場店",POS_DUMMY_1160,dummy dummy,PSOSSOFTEN,PSOSTEST1382;PSOSElderlyProgram,,0,0,0
IRS,"Island Resort, Siu Sai Wan 小西灣藍灣廣場店",POS_DUMMY_1161,dummy dummy,PSOSTEST_ABBY,PSOSTEST15;PSOSTEST1777;PSOSElderlyProgram,,0,0,0
IRS,"Island Resort, Siu Sai Wan 小西灣藍灣廣場店",POS_DUMMY_1162,dummy dummy,PSOSTEST_ADMIN,PSOSTEST48;PSOSElderlyProgram,,0,0,0
IRS,"Island Resort, Siu Sai Wan 小西灣藍灣廣場店",POS_DUMMY_1163,dummy dummy,PSOSTest_Cathy,PSOSTEST47;PSOSElderlyProgram,,0,0,0
IRS,"Island Resort, Siu Sai Wan 小西灣藍灣廣場店",POS_DUMMY_1164,dummy dummy,PSOSTest_Frozen,PSOSTEST67;PSOSTEST133;PSOSElderlyProgram,,0,0,0
IRS,"Island Resort, Siu Sai Wan 小西灣藍灣廣場店",POS_DUMMY_1165,dummy dummy,PSOSTest_Frozen_Non Meat_Seafood,PSOSTEST67;PSOSTEST193;PSOSElderlyProgram,,0,0,0
IRS,"Island Resort, Siu Sai Wan 小西灣藍灣廣場店",POS_DUMMY_1166,dummy dummy,PSOSTest_FrozenA_B_C,PSOSTEST243;PSOSElderlyProgram,,0,0,0
IRS,"Island Resort, Siu Sai Wan 小西灣藍灣廣場店",POS_DUMMY_1167,dummy dummy,PSOSTest_FrozenA/B/C,PSOSTEST20;PSOSTEST1570;PSOSElderlyProgram,,0,0,0
IRS,"Island Resort, Siu Sai Wan 小西灣藍灣廣場店",POS_DUMMY_1168,dummy dummy,PSOSTest_FRUIT,PSOSTEST69;PSOSTEST1343;PSOSElderlyProgram,,0,0,0
IRS,"Island Resort, Siu Sai Wan 小西灣藍灣廣場店",POS_DUMMY_1169,dummy dummy,PSOSTest_Meatset,PSOSTEST1894;PSOSElderlyProgram,,0,0,0
IRS,"Island Resort, Siu Sai Wan 小西灣藍灣廣場店",POS_DUMMY_117,dummy dummy,PSOSTEST_NORMAN,PSOSTEST32;PSOSTEST1735;PSOSElderlyProgram,,0,0,0
IRS,"Island Resort, Siu Sai Wan 小西灣藍灣廣場店",POS_DUMMY_1170,dummy dummy,PSOSTest_O2O,PSOSTEST3;PSOSElderlyProgram,,0,0,0
IRS,"Island Resort, Siu Sai Wan 小西灣藍灣廣場店",POS_DUMMY_1171,dummy dummy,PSOSTest_outlet,PSOSElderlyProgram,,0,0,0
IRS,"Island Resort, Siu Sai Wan 小西灣藍灣廣場店",POS_DUMMY_1172,dummy dummy,PSOSTest_Tim,PSOSElderlyProgram,,0,0,0
IRS,"Island Resort, Siu Sai Wan 小西灣藍灣廣場店",POS_DUMMY_1173,dummy dummy,PSOSTEST_VEGET,PSOSTEST1466;PSOSElderlyProgram,,0,0,0
IRS,"Island Resort, Siu Sai Wan 小西灣藍灣廣場店",POS_DUMMY_1174,dummy dummy,PSOSTest_Wine,PSOSTEST1;PSOSTEST1533;PSOSElderlyProgram,,0,0,0
IRS,"Island Resort, Siu Sai Wan 小西灣藍灣廣場店",POS_DUMMY_1175,dummy dummy,PSOSTEST1,PSOSTEST33;PSOSTEST1874;PSOSElderlyProgram,,0,0,0
IRS,"Island Resort, Siu Sai Wan 小西灣藍灣廣場店",POS_DUMMY_1176,dummy dummy,PSOSTEST10,PSOSTEST69;PSOSTEST467;PSOSElderlyProgram,,0,0,0
IRS,"Island Resort, Siu Sai Wan 小西灣藍灣廣場店",POS_DUMMY_1177,dummy dummy,PSOSTEST100,PSOSElderlyProgram,,0,0,0
IRS,"Island Resort, Siu Sai Wan 小西灣藍灣廣場店",POS_DUMMY_1178,dummy dummy,PSOSTEST1000,PSOSTEST201;PSOSElderlyProgram,,0,0,0
IRS,"Island Resort, Siu Sai Wan 小西灣藍灣廣場店",POS_DUMMY_1179,dummy dummy,PSOSTEST1001,PSOSTEST1;PSOSTEST1519;PSOSElderlyProgram,,0,0,0
IRS,"Island Resort, Siu Sai Wan 小西灣藍灣廣場店",POS_DUMMY_118,dummy dummy,PSOSTEST1002,PSOSTEST38;PSOSTEST290;PSOSElderlyProgram,,0,0,0
IRS,"Island Resort, Siu Sai Wan 小西灣藍灣廣場店",POS_DUMMY_1180,dummy dummy,PSOSTEST1003,PSOSTEST294;PSOSElderlyProgram,,0,0,0
IRS,"Island Resort, Siu Sai Wan 小西灣藍灣廣場店",POS_DUMMY_1181,dummy dummy,PSOSTEST1004,PSOSTEST1334;PSOSElderlyProgram,,0,0,0
IRS,"Island Resort, Siu Sai Wan 小西灣藍灣廣場店",POS_DUMMY_1182,dummy dummy,PSOSTEST1005,PSOSTEST4;PSOSTEST208;PSOSElderlyProgram,,0,0,0
IRS,"Island Resort, Siu Sai Wan 小西灣藍灣廣場店",POS_DUMMY_1183,dummy dummy,PSOSTEST1006,PSOSTEST1731;PSOSElderlyProgram,,0,0,0
IRS,"Island Resort, Siu Sai Wan 小西灣藍灣廣場店",POS_DUMMY_1184,dummy dummy,PSOSTEST1007,PSOSTEST28;PSOSElderlyProgram,,0,0,0
IRS,"Island Resort, Siu Sai Wan 小西灣藍灣廣場店",POS_DUMMY_1185,dummy dummy,PSOSTEST1008,PSOSTEST1295;PSOSElderlyProgram,,0,0,0
IRS,"Island Resort, Siu Sai Wan 小西灣藍灣廣場店",POS_DUMMY_1186,dummy dummy,PSOSTEST1009,PSOSTEST1251;PSOSElderlyProgram,,0,0,0
IRS,"Island Resort, Siu Sai Wan 小西灣藍灣廣場店",POS_DUMMY_1187,dummy dummy,PSOSTEST101,PSOSTEST1162;PSOSElderlyProgram,,0,0,0
IRS,"Island Resort, Siu Sai Wan 小西灣藍灣廣場店",POS_DUMMY_1188,dummy dummy,PSOSTEST1010,PSOSTEST40;PSOSTEST1866;PSOSElderlyProgram,,0,0,0
IRS,"Island Resort, Siu Sai Wan 小西灣藍灣廣場店",POS_DUMMY_1189,dummy dummy,PSOSTEST1011,PSOSTEST445;PSOSElderlyProgram,,0,0,0
IRS,"Island Resort, Siu Sai Wan 小西灣藍灣廣場店",POS_DUMMY_119,dummy dummy,PSOSTEST1012,PSOSTEST114;PSOSElderlyProgram,,0,0,0
IRS,"Island Resort, Siu Sai Wan 小西灣藍灣廣場店",POS_DUMMY_1190,dummy dummy,PSOSTEST1013,PSOSTEST62;PSOSElderlyProgram,,0,0,0
IRS,"Island Resort, Siu Sai Wan 小西灣藍灣廣場店",POS_DUMMY_1191,dummy dummy,PSOSTEST1014,PSOSTEST60;PSOSTEST319;PSOSElderlyProgram,,0,0,0
IRS,"Island Resort, Siu Sai Wan 小西灣藍灣廣場店",POS_DUMMY_1192,dummy dummy,PSOSTEST1015,PSOSTEST41;PSOSTEST1787;PSOSElderlyProgram,,0,0,0
IRS,"Island Resort, Siu Sai Wan 小西灣藍灣廣場店",POS_DUMMY_1193,dummy dummy,PSOSTEST1017,PSOSTEST61;PSOSTEST1508;PSOSElderlyProgram,,0,0,0
IRS,"Island Resort, Siu Sai Wan 小西灣藍灣廣場店",POS_DUMMY_1194,dummy dummy,PSOSTEST1019,PSOSTEST1084;PSOSElderlyProgram,,0,0,0
IRS,"Island Resort, Siu Sai Wan 小西灣藍灣廣場店",POS_DUMMY_1195,dummy dummy,PSOSTEST102,PSOSTEST38;PSOSElderlyProgram,,0,0,0
IRS,"Island Resort, Siu Sai Wan 小西灣藍灣廣場店",POS_DUMMY_1196,dummy dummy,PSOSTEST1020,PSOSTEST65;PSOSTEST1088;PSOSElderlyProgram,,0,0,0
IRS,"Island Resort, Siu Sai Wan 小西灣藍灣廣場店",POS_DUMMY_1197,dummy dummy,PSOSTEST1021,PSOSTEST35;PSOSTEST485;PSOSElderlyProgram,,0,0,0
IRS,"Island Resort, Siu Sai Wan 小西灣藍灣廣場店",POS_DUMMY_1198,dummy dummy,PSOSTEST1023,PSOSTEST1075;PSOSElderlyProgram,,0,0,0
IRS,"Island Resort, Siu Sai Wan 小西灣藍灣廣場店",POS_DUMMY_1199,dummy dummy,PSOSTEST1024,PSOSTEST40;PSOSTEST1676;PSOSElderlyProgram,,0,0,0
IRS,"Island Resort, Siu Sai Wan 小西灣藍灣廣場店",POS_DUMMY_12,dummy dummy,PSOSTEST1025,PSOSTEST41;PSOSTEST214;PSOSElderlyProgram,,0,0,0
IRS,"Island Resort, Siu Sai Wan 小西灣藍灣廣場店",POS_DUMMY_120,dummy dummy,PSOSTEST1026,PSOSTEST35;PSOSTEST1131;PSOSElderlyProgram,,0,0,0
IRS,"Island Resort, Siu Sai Wan 小西灣藍灣廣場店",POS_DUMMY_1200,dummy dummy,PSOSTEST1027,PSOSTEST63;PSOSTEST1270;PSOSElderlyProgram,,0,0,0
IRS,"Island Resort, Siu Sai Wan 小西灣藍灣廣場店",POS_DUMMY_1201,dummy dummy,PSOSTEST1028,PSOSTEST27;PSOSTEST1057;PSOSElderlyProgram,,0,0,0
IRS,"Island Resort, Siu Sai Wan 小西灣藍灣廣場店",POS_DUMMY_1202,dummy dummy,PSOSTEST1029,PSOSTEST17;PSOSTEST1763;PSOSElderlyProgram,,0,0,0
IRS,"Island Resort, Siu Sai Wan 小西灣藍灣廣場店",POS_DUMMY_1203,dummy dummy,PSOSTEST103,PSOSTEST16;PSOSTEST1585;PSOSElderlyProgram,,0,0,0
IRS,"Island Resort, Siu Sai Wan 小西灣藍灣廣場店",POS_DUMMY_1204,dummy dummy,PSOSTEST1030,PSOSTEST150;PSOSElderlyProgram,,0,0,0
IRS,"Island Resort, Siu Sai Wan 小西灣藍灣廣場店",POS_DUMMY_1205,dummy dummy,PSOSTEST1031,PSOSTEST64;PSOSTEST206;PSOSElderlyProgram,,0,0,0
IRS,"Island Resort, Siu Sai Wan 小西灣藍灣廣場店",POS_DUMMY_1206,dummy dummy,PSOSTEST1032,PSOSTEST1231;PSOSElderlyProgram,,0,0,0
IRS,"Island Resort, Siu Sai Wan 小西灣藍灣廣場店",POS_DUMMY_1207,dummy dummy,PSOSTEST1033,PSOSTEST20;PSOSTEST1418;PSOSElderlyProgram,,0,0,0
IRS,"Island Resort, Siu Sai Wan 小西灣藍灣廣場店",POS_DUMMY_1208,dummy dummy,PSOSTEST1034,PSOSTEST47;PSOSElderlyProgram,,0,0,0
IRS,"Island Resort, Siu Sai Wan 小西灣藍灣廣場店",POS_DUMMY_1209,dummy dummy,PSOSTEST1035,PSOSTEST42;PSOSTEST132;PSOSElderlyProgram,,0,0,0
IRS,"Island Resort, Siu Sai Wan 小西灣藍灣廣場店",POS_DUMMY_121,dummy dummy,PSOSTEST1036,PSOSTEST20;PSOSTEST355;PSOSElderlyProgram,,0,0,0
IRS,"Island Resort, Siu Sai Wan 小西灣藍灣廣場店",POS_DUMMY_1210,dummy dummy,PSOSTEST1037,PSOSTEST6;PSOSTEST1719;PSOSElderlyProgram,,0,0,0
IRS,"Island Resort, Siu Sai Wan 小西灣藍灣廣場店",POS_DUMMY_1211,dummy dummy,PSOSTEST1038,PSOSTEST27;PSOSTEST1283;PSOSElderlyProgram,,0,0,0
IRS,"Island Resort, Siu Sai Wan 小西灣藍灣廣場店",POS_DUMMY_1212,dummy dummy,PSOSTEST1039,PSOSTEST1426;PSOSElderlyProgram,,0,0,0
IRS,"Island Resort, Siu Sai Wan 小西灣藍灣廣場店",POS_DUMMY_1213,dummy dummy,PSOSTEST104,PSOSTEST1911;PSOSElderlyProgram,,0,0,0
IRS,"Island Resort, Siu Sai Wan 小西灣藍灣廣場店",POS_DUMMY_1214,dummy dummy,PSOSTEST1040,PSOSTEST10;PSOSTEST1077;PSOSElderlyProgram,,0,0,0
IRS,"Island Resort, Siu Sai Wan 小西灣藍灣廣場店",POS_DUMMY_1215,dummy dummy,PSOSTEST1041,PSOSTEST1540;PSOSElderlyProgram,,0,0,0
IRS,"Island Resort, Siu Sai Wan 小西灣藍灣廣場店",POS_DUMMY_1216,dummy dummy,PSOSTEST1042,PSOSTEST26;PSOSElderlyProgram,,0,0,0
IRS,"Island Resort, Siu Sai Wan 小西灣藍灣廣場店",POS_DUMMY_1217,dummy dummy,PSOSTEST1044,PSOSTEST1730;PSOSElderlyProgram,,0,0,0
IRS,"Island Resort, Siu Sai Wan 小西灣藍灣廣場店",POS_DUMMY_1218,dummy dummy,PSOSTEST1045,PSOSTEST43;PSOSElderlyProgram,,0,0,0
IRS,"Island Resort, Siu Sai Wan 小西灣藍灣廣場店",POS_DUMMY_1219,dummy dummy,PSOSTEST1046,PSOSTEST14;PSOSTEST1017;PSOSElderlyProgram,,0,0,0
IRS,"Island Resort, Siu Sai Wan 小西灣藍灣廣場店",POS_DUMMY_122,dummy dummy,PSOSTEST1047,PSOSElderlyProgram,,0,0,0
IRS,"Island Resort, Siu Sai Wan 小西灣藍灣廣場店",POS_DUMMY_1220,dummy dummy,PSOSTEST1048,PSOSTEST67;PSOSTEST1093;PSOSElderlyProgram,,0,0,0
IRS,"Island Resort, Siu Sai Wan 小西灣藍灣廣場店",POS_DUMMY_1221,dummy dummy,PSOSTEST1049,PSOSTEST34;PSOSTEST151;PSOSElderlyProgram,,0,0,0
IRS,"Island Resort, Siu Sai Wan 小西灣藍灣廣場店",POS_DUMMY_1222,dummy dummy,PSOSTEST105,PSOSTEST67;PSOSTEST1953;PSOSElderlyProgram,,0,0,0
IRS,"Island Resort, Siu Sai Wan 小西灣藍灣廣場店",POS_DUMMY_1223,dummy dummy,PSOSTEST1050,PSOSTEST28;PSOSTEST1733;PSOSElderlyProgram,,0,0,0
IRS,"Island Resort, Siu Sai Wan 小西灣藍灣廣場店",POS_DUMMY_1224,dummy dummy,PSOSTEST1051,PSOSElderlyProgram,,0,0,0
IRS,"Island Resort, Siu Sai Wan 小西灣藍灣廣場店",POS_DUMMY_1225,dummy dummy,PSOSTEST1052,PSOSElderlyProgram,,0,0,0
IRS,"Island Resort, Siu Sai Wan 小西灣藍灣廣場店",POS_DUMMY_1226,dummy dummy,PSOSTEST1053,PSOSTEST155;PSOSElderlyProgram,,0,0,0
IRS,"Island Resort, Siu Sai Wan 小西灣藍灣廣場店",POS_DUMMY_1227,dummy dummy,PSOSTEST1054,PSOSTEST21;PSOSTEST1492;PSOSElderlyProgram,,0,0,0
IRS,"Island Resort, Siu Sai Wan 小西灣藍灣廣場店",POS_DUMMY_1228,dummy dummy,PSOSTEST1055,PSOSTEST25;PSOSTEST1969;PSOSElderlyProgram,,0,0,0
IRS,"Island Resort, Siu Sai Wan 小西灣藍灣廣場店",POS_DUMMY_1229,dummy dummy,PSOSTEST1056,PSOSTEST15;PSOSElderlyProgram,,0,0,0
IRS,"Island Resort, Siu Sai Wan 小西灣藍灣廣場店",POS_DUMMY_123,dummy dummy,PSOSTEST1057,PSOSTEST28;PSOSTEST1309;PSOSElderlyProgram,,0,0,0
IRS,"Island Resort, Siu Sai Wan 小西灣藍灣廣場店",POS_DUMMY_1230,dummy dummy,PSOSTEST1058,PSOSTEST24;PSOSElderlyProgram,,0,0,0
IRS,"Island Resort, Siu Sai Wan 小西灣藍灣廣場店",POS_DUMMY_1231,dummy dummy,PSOSTEST1059,PSOSTEST257;PSOSElderlyProgram,,0,0,0
IRS,"Island Resort, Siu Sai Wan 小西灣藍灣廣場店",POS_DUMMY_1232,dummy dummy,PSOSTEST106,PSOSTEST64;PSOSTEST408;PSOSElderlyProgram,,0,0,0
IRS,"Island Resort, Siu Sai Wan 小西灣藍灣廣場店",POS_DUMMY_1233,dummy dummy,PSOSTEST1060,PSOSTEST40;PSOSTEST133;PSOSElderlyProgram,,0,0,0
IRS,"Island Resort, Siu Sai Wan 小西灣藍灣廣場店",POS_DUMMY_1234,dummy dummy,PSOSTEST1061,PSOSTEST14;PSOSElderlyProgram,,0,0,0
IRS,"Island Resort, Siu Sai Wan 小西灣藍灣廣場店",POS_DUMMY_1235,dummy dummy,PSOSTEST1062,PSOSElderlyProgram,,0,0,0
IRS,"Island Resort, Siu Sai Wan 小西灣藍灣廣場店",POS_DUMMY_1236,dummy dummy,PSOSTEST1063,PSOSTEST6;PSOSTEST1547;PSOSElderlyProgram,,0,0,0
IRS,"Island Resort, Siu Sai Wan 小西灣藍灣廣場店",POS_DUMMY_1237,dummy dummy,PSOSTEST1064,PSOSTEST1442;PSOSElderlyProgram,,0,0,0
IRS,"Island Resort, Siu Sai Wan 小西灣藍灣廣場店",POS_DUMMY_1238,dummy dummy,PSOSTEST1065,PSOSTEST34;PSOSElderlyProgram,,0,0,0
IRS,"Island Resort, Siu Sai Wan 小西灣藍灣廣場店",POS_DUMMY_1239,dummy dummy,PSOSTEST1066,PSOSTEST12;PSOSElderlyProgram,,0,0,0
IRS,"Island Resort, Siu Sai Wan 小西灣藍灣廣場店",POS_DUMMY_124,dummy dummy,PSOSTEST1067,PSOSTEST25;PSOSTEST1982;PSOSElderlyProgram,,0,0,0
IRS,"Island Resort, Siu Sai Wan 小西灣藍灣廣場店",POS_DUMMY_1240,dummy dummy,PSOSTEST1068,PSOSTEST33;PSOSTEST180;PSOSElderlyProgram,,0,0,0
IRS,"Island Resort, Siu Sai Wan 小西灣藍灣廣場店",POS_DUMMY_1241,dummy dummy,PSOSTEST1069,PSOSTEST100;PSOSTEST1540;PSOSElderlyProgram,,0,0,0
IRS,"Island Resort, Siu Sai Wan 小西灣藍灣廣場店",POS_DUMMY_1242,dummy dummy,PSOSTEST107,PSOSTEST43;PSOSTEST1138;PSOSElderlyProgram,,0,0,0
IRS,"Island Resort, Siu Sai Wan 小西灣藍灣廣場店",POS_DUMMY_1243,dummy dummy,PSOSTEST1070,PSOSTEST1958;PSOSElderlyProgram,,0,0,0
IRS,"Island Resort, Siu Sai Wan 小西灣藍灣廣場店",POS_DUMMY_1244,dummy dummy,PSOSTEST1071,PSOSElderlyProgram,,0,0,0
IRS,"Island Resort, Siu Sai Wan 小西灣藍灣廣場店",POS_DUMMY_1245,dummy dummy,PSOSTEST1072,PSOSElderlyProgram,,0,0,0
IRS,"Island Resort, Siu Sai Wan 小西灣藍灣廣場店",POS_DUMMY_1246,dummy dummy,PSOSTEST1073,PSOSElderlyProgram,,0,0,0
IRS,"Island Resort, Siu Sai Wan 小西灣藍灣廣場店",POS_DUMMY_1247,dummy dummy,PSOSTEST1074,PSOSTEST3;PSOSTEST1457;PSOSElderlyProgram,,0,0,0
IRS,"Island Resort, Siu Sai Wan 小西灣藍灣廣場店",POS_DUMMY_1248,dummy dummy,PSOSTEST1075,PSOSTEST24;PSOSTEST441;PSOSElderlyProgram,,0,0,0
IRS,"Island Resort, Siu Sai Wan 小西灣藍灣廣場店",POS_DUMMY_1249,dummy dummy,PSOSTEST1076,PSOSTEST29;PSOSTEST1353;PSOSElderlyProgram,,0,0,0
IRS,"Island Resort, Siu Sai Wan 小西灣藍灣廣場店",POS_DUMMY_125,dummy dummy,PSOSTEST1077,PSOSTEST1643;PSOSElderlyProgram,,0,0,0
IRS,"Island Resort, Siu Sai Wan 小西灣藍灣廣場店",POS_DUMMY_1250,dummy dummy,PSOSTEST1078,PSOSTEST1470;PSOSElderlyProgram,,0,0,0
IRS,"Island Resort, Siu Sai Wan 小西灣藍灣廣場店",POS_DUMMY_1251,dummy dummy,PSOSTEST1079,PSOSTEST15;PSOSTEST398;PSOSElderlyProgram,,0,0,0
IRS,"Island Resort, Siu Sai Wan 小西灣藍灣廣場店",POS_DUMMY_1252,dummy dummy,PSOSTEST108,PSOSTEST35;PSOSTEST1889;PSOSElderlyProgram,,0,0,0
IRS,"Island Resort, Siu Sai Wan 小西灣藍灣廣場店",POS_DUMMY_1253,dummy dummy,PSOSTEST1080,PSOSTEST391;PSOSElderlyProgram,,0,0,0
IRS,"Island Resort, Siu Sai Wan 小西灣藍灣廣場店",POS_DUMMY_1254,dummy dummy,PSOSTEST1081,PSOSTEST23;PSOSTEST1360;PSOSElderlyProgram,,0,0,0
IRS,"Island Resort, Siu Sai Wan 小西灣藍灣廣場店",POS_DUMMY_1255,dummy dummy,PSOSTEST1082,PSOSTEST37;PSOSTEST1358;PSOSElderlyProgram,,0,0,0
IRS,"Island Resort, Siu Sai Wan 小西灣藍灣廣場店",POS_DUMMY_1256,dummy dummy,PSOSTEST1083,PSOSTEST46;PSOSTEST1968;PSOSElderlyProgram,,0,0,0
IRS,"Island Resort, Siu Sai Wan 小西灣藍灣廣場店",POS_DUMMY_1257,dummy dummy,PSOSTEST1084,PSOSTEST28;PSOSTEST367;PSOSElderlyProgram,,0,0,0
IRS,"Island Resort, Siu Sai Wan 小西灣藍灣廣場店",POS_DUMMY_1258,dummy dummy,PSOSTEST1085,PSOSElderlyProgram,,0,0,0
IRS,"Island Resort, Siu Sai Wan 小西灣藍灣廣場店",POS_DUMMY_1259,dummy dummy,PSOSTEST1086,PSOSTEST3;PSOSTEST221;PSOSElderlyProgram,,0,0,0
IRS,"Island Resort, Siu Sai Wan 小西灣藍灣廣場店",POS_DUMMY_126,dummy dummy,PSOSTEST1087,PSOSTEST44;PSOSTEST163;PSOSElderlyProgram,,0,0,0
IRS,"Island Resort, Siu Sai Wan 小西灣藍灣廣場店",POS_DUMMY_1260,dummy dummy,PSOSTEST1088,PSOSTEST1289;PSOSElderlyProgram,,0,0,0
IRS,"Island Resort, Siu Sai Wan 小西灣藍灣廣場店",POS_DUMMY_1261,dummy dummy,PSOSTEST1089,PSOSTEST21;PSOSTEST121;PSOSElderlyProgram,,0,0,0
IRS,"Island Resort, Siu Sai Wan 小西灣藍灣廣場店",POS_DUMMY_1262,dummy dummy,PSOSTEST109,PSOSTEST44;PSOSTEST1010;PSOSElderlyProgram,,0,0,0
IRS,"Island Resort, Siu Sai Wan 小西灣藍灣廣場店",POS_DUMMY_1263,dummy dummy,PSOSTEST1090,PSOSTEST20;PSOSElderlyProgram,,0,0,0
IRS,"Island Resort, Siu Sai Wan 小西灣藍灣廣場店",POS_DUMMY_1264,dummy dummy,PSOSTEST1091,PSOSTEST69;PSOSElderlyProgram,,0,0,0
IRS,"Island Resort, Siu Sai Wan 小西灣藍灣廣場店",POS_DUMMY_1265,dummy dummy,PSOSTEST1092,PSOSTEST46;PSOSTEST1815;PSOSElderlyProgram,,0,0,0
IRS,"Island Resort, Siu Sai Wan 小西灣藍灣廣場店",POS_DUMMY_1266,dummy dummy,PSOSTEST1093,PSOSTEST6;PSOSTEST1964;PSOSElderlyProgram,,0,0,0
IRS,"Island Resort, Siu Sai Wan 小西灣藍灣廣場店",POS_DUMMY_1267,dummy dummy,PSOSTEST1094,PSOSTEST69;PSOSTEST1297;PSOSElderlyProgram,,0,0,0
IRS,"Island Resort, Siu Sai Wan 小西灣藍灣廣場店",POS_DUMMY_1268,dummy dummy,PSOSTEST1096,PSOSTEST15;PSOSTEST1540;PSOSElderlyProgram,,0,0,0
IRS,"Island Resort, Siu Sai Wan 小西灣藍灣廣場店",POS_DUMMY_1269,dummy dummy,PSOSTEST1097,PSOSTEST1469;PSOSElderlyProgram,,0,0,0
IRS,"Island Resort, Siu Sai Wan 小西灣藍灣廣場店",POS_DUMMY_127,dummy dummy,PSOSTEST1098,PSOSTEST29;PSOSTEST1252;PSOSElderlyProgram,,0,0,0
IRS,"Island Resort, Siu Sai Wan 小西灣藍灣廣場店",POS_DUMMY_1270,dummy dummy,PSOSTEST1099,PSOSTEST21;PSOSTEST1010;PSOSElderlyProgram,,0,0,0
IRS,"Island Resort, Siu Sai Wan 小西灣藍灣廣場店",POS_DUMMY_1271,dummy dummy,PSOSTEST11,PSOSTEST67;PSOSTEST169;PSOSElderlyProgram,,0,0,0
IRS,"Island Resort, Siu Sai Wan 小西灣藍灣廣場店",POS_DUMMY_1272,dummy dummy,PSOSTEST110,PSOSTEST66;PSOSTEST1455;PSOSElderlyProgram,,0,0,0
IRS,"Island Resort, Siu Sai Wan 小西灣藍灣廣場店",POS_DUMMY_1273,dummy dummy,PSOSTEST1101,PSOSTEST23;PSOSElderlyProgram,,0,0,0
IRS,"Island Resort, Siu Sai Wan 小西灣藍灣廣場店",POS_DUMMY_1274,dummy dummy,PSOSTEST1102,PSOSTEST1311;PSOSElderlyProgram,,0,0,0
IRS,"Island Resort, Siu Sai Wan 小西灣藍灣廣場店",POS_DUMMY_1275,dummy dummy,PSOSTEST1103,PSOSTEST6;PSOSTEST1575;PSOSElderlyProgram,,0,0,0
IRS,"Island Resort, Siu Sai Wan 小西灣藍灣廣場店",POS_DUMMY_1276,dummy dummy,PSOSTEST1104,PSOSTEST1252;PSOSElderlyProgram,,0,0,0
IRS,"Island Resort, Siu Sai Wan 小西灣藍灣廣場店",POS_DUMMY_1277,dummy dummy,PSOSTEST1105,PSOSTEST67;PSOSTEST1518;PSOSElderlyProgram,,0,0,0
IRS,"Island Resort, Siu Sai Wan 小西灣藍灣廣場店",POS_DUMMY_1278,dummy dummy,PSOSTEST1106,PSOSElderlyProgram,,0,0,0
IRS,"Island Resort, Siu Sai Wan 小西灣藍灣廣場店",POS_DUMMY_1279,dummy dummy,PSOSTEST1107,PSOSTEST39;PSOSTEST1683;PSOSElderlyProgram,,0,0,0
IRS,"Island Resort, Siu Sai Wan 小西灣藍灣廣場店",POS_DUMMY_128,dummy dummy,PSOSTEST1108,PSOSTEST201;PSOSElderlyProgram,,0,0,0
IRS,"Island Resort, Siu Sai Wan 小西灣藍灣廣場店",POS_DUMMY_1280,dummy dummy,PSOSTEST1109,PSOSTEST19;PSOSTEST465;PSOSElderlyProgram,,0,0,0
IRS,"Island Resort, Siu Sai Wan 小西灣藍灣廣場店",POS_DUMMY_1281,dummy dummy,PSOSTEST111,PSOSTEST158;PSOSElderlyProgram,,0,0,0
IRS,"Island Resort, Siu Sai Wan 小西灣藍灣廣場店",POS_DUMMY_1282,dummy dummy,PSOSTEST1110,PSOSTEST1903;PSOSElderlyProgram,,0,0,0
IRS,"Island Resort, Siu Sai Wan 小西灣藍灣廣場店",POS_DUMMY_1283,dummy dummy,PSOSTEST1111,PSOSTEST28;PSOSTEST1744;PSOSElderlyProgram,,0,0,0
IRS,"Island Resort, Siu Sai Wan 小西灣藍灣廣場店",POS_DUMMY_1284,dummy dummy,PSOSTEST1112,PSOSTEST1012;PSOSElderlyProgram,,0,0,0
IRS,"Island Resort, Siu Sai Wan 小西灣藍灣廣場店",POS_DUMMY_1285,dummy dummy,PSOSTEST1113,PSOSTEST160;PSOSElderlyProgram,,0,0,0
IRS,"Island Resort, Siu Sai Wan 小西灣藍灣廣場店",POS_DUMMY_1286,dummy dummy,PSOSTEST1114,PSOSTEST1598;PSOSElderlyProgram,,0,0,0
IRS,"Island Resort, Siu Sai Wan 小西灣藍灣廣場店",POS_DUMMY_1287,dummy dummy,PSOSTEST1115,PSOSTEST2;PSOSTEST384;PSOSElderlyProgram,,0,0,0
IRS,"Island Resort, Siu Sai Wan 小西灣藍灣廣場店",POS_DUMMY_1288,dummy dummy,PSOSTEST1116,PSOSTEST35;PSOSTEST345;PSOSElderlyProgram,,0,0,0
IRS,"Island Resort, Siu Sai Wan 小西灣藍灣廣場店",POS_DUMMY_1289,dummy dummy,PSOSTEST1117,PSOSTEST488;PSOSElderlyProgram,,0,0,0
IRS,"Island Resort, Siu Sai Wan 小西灣藍灣廣場店",POS_DUMMY_129,dummy dummy,PSOSTEST1118,PSOSTEST45;PSOSElderlyProgram,,0,0,0
IRS,"Island Resort, Siu Sai Wan 小西灣藍灣廣場店",POS_DUMMY_1290,dummy dummy,PSOSTEST1119,PSOSTEST1;PSOSTEST1974;PSOSElderlyProgram,,0,0,0
IRS,"Island Resort, Siu Sai Wan 小西灣藍灣廣場店",POS_DUMMY_1291,dummy dummy,PSOSTEST112,PSOSElderlyProgram,,0,0,0
IRS,"Island Resort, Siu Sai Wan 小西灣藍灣廣場店",POS_DUMMY_1292,dummy dummy,PSOSTEST1120,PSOSTEST1536;PSOSElderlyProgram,,0,0,0
IRS,"Island Resort, Siu Sai Wan 小西灣藍灣廣場店",POS_DUMMY_1293,dummy dummy,PSOSTEST1121,PSOSTEST62;PSOSElderlyProgram,,0,0,0
IRS,"Island Resort, Siu Sai Wan 小西灣藍灣廣場店",POS_DUMMY_1294,dummy dummy,PSOSTEST1122,PSOSTEST47;PSOSElderlyProgram,,0,0,0
IRS,"Island Resort, Siu Sai Wan 小西灣藍灣廣場店",POS_DUMMY_1295,dummy dummy,PSOSTEST1124,PSOSTEST63;PSOSElderlyProgram,,0,0,0
IRS,"Island Resort, Siu Sai Wan 小西灣藍灣廣場店",POS_DUMMY_1296,dummy dummy,PSOSTEST1125,PSOSTEST1540;PSOSElderlyProgram,,0,0,0
IRS,"Island Resort, Siu Sai Wan 小西灣藍灣廣場店",POS_DUMMY_1297,dummy dummy,PSOSTEST1126,PSOSTEST1865;PSOSElderlyProgram,,0,0,0
IRS,"Island Resort, Siu Sai Wan 小西灣藍灣廣場店",POS_DUMMY_1298,dummy dummy,PSOSTEST1127,PSOSTEST15;PSOSTEST1210;PSOSElderlyProgram,,0,0,0
IRS,"Island Resort, Siu Sai Wan 小西灣藍灣廣場店",POS_DUMMY_1299,dummy dummy,PSOSTEST1128,PSOSElderlyProgram,,0,0,0
IRS,"Island Resort, Siu Sai Wan 小西灣藍灣廣場店",POS_DUMMY_13,dummy dummy,PSOSTEST1129,PSOSTEST1516;PSOSElderlyProgram,,0,0,0
IRS,"Island Resort, Siu Sai Wan 小西灣藍灣廣場店",POS_DUMMY_130,dummy dummy,PSOSTEST113,PSOSTEST230;PSOSElderlyProgram,,0,0,0
IRS,"Island Resort, Siu Sai Wan 小西灣藍灣廣場店",POS_DUMMY_1300,dummy dummy,PSOSTEST1130,PSOSTEST61;PSOSTEST1454;PSOSElderlyProgram,,0,0,0
IRS,"Island Resort, Siu Sai Wan 小西灣藍灣廣場店",POS_DUMMY_1301,dummy dummy,PSOSTEST1131,PSOSTEST1130;PSOSElderlyProgram,,0,0,0
IRS,"Island Resort, Siu Sai Wan 小西灣藍灣廣場店",POS_DUMMY_1302,dummy dummy,PSOSTEST1132,PSOSTEST1407;PSOSElderlyProgram,,0,0,0
IRS,"Island Resort, Siu Sai Wan 小西灣藍灣廣場店",POS_DUMMY_1303,dummy dummy,PSOSTEST1133,PSOSTEST31;PSOSTEST328;PSOSElderlyProgram,,0,0,0
IRS,"Island Resort, Siu Sai Wan 小西灣藍灣廣場店",POS_DUMMY_1304,dummy dummy,PSOSTEST1134,PSOSTEST11;PSOSTEST1075;PSOSElderlyProgram,,0,0,0
IRS,"Island Resort, Siu Sai Wan 小西灣藍灣廣場店",POS_DUMMY_1305,dummy dummy,PSOSTEST1135,PSOSTEST1113;PSOSElderlyProgram,,0,0,0
IRS,"Island Resort, Siu Sai Wan 小西灣藍灣廣場店",POS_DUMMY_1306,dummy dummy,PSOSTEST1136,PSOSTEST1073;PSOSElderlyProgram,,0,0,0
IRS,"Island Resort, Siu Sai Wan 小西灣藍灣廣場店",POS_DUMMY_1307,dummy dummy,PSOSTEST1137,PSOSTEST1561;PSOSElderlyProgram,,0,0,0
IRS,"Island Resort, Siu Sai Wan 小西灣藍灣廣場店",POS_DUMMY_1308,dummy dummy,PSOSTEST1138,PSOSTEST68;PSOSTEST1512;PSOSElderlyProgram,,0,0,0
IRS,"Island Resort, Siu Sai Wan 小西灣藍灣廣場店",POS_DUMMY_1309,dummy dummy,PSOSTEST1139,PSOSTEST1619;PSOSElderlyProgram,,0,0,0
IRS,"Island Resort, Siu Sai Wan 小西灣藍灣廣場店",POS_DUMMY_131,dummy dummy,PSOSTEST114,PSOSElderlyProgram,,0,0,0
IRS,"Island Resort, Siu Sai Wan 小西灣藍灣廣場店",POS_DUMMY_1310,dummy dummy,PSOSTEST1140,PSOSTEST66;PSOSTEST1840;PSOSElderlyProgram,,0,0,0
IRS,"Island Resort, Siu Sai Wan 小西灣藍灣廣場店",POS_DUMMY_1311,dummy dummy,PSOSTEST1141,PSOSTEST1946;PSOSElderlyProgram,,0,0,0
IRS,"Island Resort, Siu Sai Wan 小西灣藍灣廣場店",POS_DUMMY_1312,dummy dummy,PSOSTEST1142,PSOSTEST134;PSOSElderlyProgram,,0,0,0
IRS,"Island Resort, Siu Sai Wan 小西灣藍灣廣場店",POS_DUMMY_1313,dummy dummy,PSOSTEST1143,PSOSTEST42;PSOSTEST1426;PSOSElderlyProgram,,0,0,0
IRS,"Island Resort, Siu Sai Wan 小西灣藍灣廣場店",POS_DUMMY_1314,dummy dummy,PSOSTEST1144,PSOSTEST33;PSOSTEST101;PSOSElderlyProgram,,0,0,0
IRS,"Island Resort, Siu Sai Wan 小西灣藍灣廣場店",POS_DUMMY_1315,dummy dummy,PSOSTEST1145,PSOSElderlyProgram,,0,0,0
IRS,"Island Resort, Siu Sai Wan 小西灣藍灣廣場店",POS_DUMMY_1316,dummy dummy,PSOSTEST1146,PSOSTEST114;PSOSElderlyProgram,,0,0,0
IRS,"Island Resort, Siu Sai Wan 小西灣藍灣廣場店",POS_DUMMY_1317,dummy dummy,PSOSTEST1148,PSOSTEST1715;PSOSElderlyProgram,,0,0,0
IRS,"Island Resort, Siu Sai Wan 小西灣藍灣廣場店",POS_DUMMY_1318,dummy dummy,PSOSTEST1149,PSOSTEST1333;PSOSElderlyProgram,,0,0,0
IRS,"Island Resort, Siu Sai Wan 小西灣藍灣廣場店",POS_DUMMY_1319,dummy dummy,PSOSTEST1150,PSOSTEST162;PSOSElderlyProgram,,0,0,0
IRS,"Island Resort, Siu Sai Wan 小西灣藍灣廣場店",POS_DUMMY_132,dummy dummy,PSOSTEST1151,PSOSElderlyProgram,,0,0,0
IRS,"Island Resort, Siu Sai Wan 小西灣藍灣廣場店",POS_DUMMY_1320,dummy dummy,PSOSTEST1152,PSOSTEST1518;PSOSElderlyProgram,,0,0,0
IRS,"Island Resort, Siu Sai Wan 小西灣藍灣廣場店",POS_DUMMY_1321,dummy dummy,PSOSTEST1153,PSOSTEST13;PSOSTEST478;PSOSElderlyProgram,,0,0,0
IRS,"Island Resort, Siu Sai Wan 小西灣藍灣廣場店",POS_DUMMY_1322,dummy dummy,PSOSTEST1154,PSOSTEST29;PSOSElderlyProgram,,0,0,0
IRS,"Island Resort, Siu Sai Wan 小西灣藍灣廣場店",POS_DUMMY_1323,dummy dummy,PSOSTEST1155,PSOSTEST38;PSOSTEST1540;PSOSElderlyProgram,,0,0,0
IRS,"Island Resort, Siu Sai Wan 小西灣藍灣廣場店",POS_DUMMY_1324,dummy dummy,PSOSTEST1156,PSOSTEST11;PSOSElderlyProgram,,0,0,0
IRS,"Island Resort, Siu Sai Wan 小西灣藍灣廣場店",POS_DUMMY_1325,dummy dummy,PSOSTEST1157,PSOSElderlyProgram,,0,0,0
IRS,"Island Resort, Siu Sai Wan 小西灣藍灣廣場店",POS_DUMMY_1326,dummy dummy,PSOSTEST1158,PSOSTEST431;PSOSElderlyProgram,,0,0,0
IRS,"Island Resort, Siu Sai Wan 小西灣藍灣廣場店",POS_DUMMY_1327,dummy dummy,PSOSTEST1159,PSOSTEST1736;PSOSElderlyProgram,,0,0,0
IRS,"Island Resort, Siu Sai Wan 小西灣藍灣廣場店",POS_DUMMY_1328,dummy dummy,PSOSTEST116,PSOSTEST63;PSOSElderlyProgram,,0,0,0
IRS,"Island Resort, Siu Sai Wan 小西灣藍灣廣場店",POS_DUMMY_1329,dummy dummy,PSOSTEST1160,PSOSTEST1778;PSOSElderlyProgram,,0,0,0
IRS,"Island Resort, Siu Sai Wan 小西灣藍灣廣場店",POS_DUMMY_133,dummy dummy,PSOSTEST1161,PSOSTEST289;PSOSElderlyProgram,,0,0,0
IRS,"Island Resort, Siu Sai Wan 小西灣藍灣廣場店",POS_DUMMY_1330,dummy dummy,PSOSTEST1162,PSOSTEST1056;PSOSElderlyProgram,,0,0,0
IRS,"Island Resort, Siu Sai Wan 小西灣藍灣廣場店",POS_DUMMY_1331,dummy dummy,PSOSTEST1163,PSOSTEST3;PSOSTEST343;PSOSElderlyProgram,,0,0,0
IRS,"Island Resort, Siu Sai Wan 小西灣藍灣廣場店",POS_DUMMY_1332,dummy dummy,PSOSTEST1164,PSOSTEST39;PSOSTEST1922;PSOSElderlyProgram,,0,0,0
IRS,"Island Resort, Siu Sai Wan 小西灣藍灣廣場店",POS_DUMMY_1333,dummy dummy,PSOSTEST1166,PSOSTEST63;PSOSTEST1317;PSOSElderlyProgram,,0,0,0
IRS,"Island Resort, Siu Sai Wan 小西灣藍灣廣場店",POS_DUMMY_1334,dummy dummy,PSOSTEST1167,PSOSElderlyProgram,,0,0,0
IRS,"Island Resort, Siu Sai Wan 小西灣藍灣廣場店",POS_DUMMY_1335,dummy dummy,PSOSTEST1168,PSOSTEST24;PSOSTEST485;PSOSElderlyProgram,,0,0,0
IRS,"Island Resort, Siu Sai Wan 小西灣藍灣廣場店",POS_DUMMY_1336,dummy dummy,PSOSTEST1169,PSOSTEST67;PSOSTEST1687;PSOSElderlyProgram,,0,0,0
IRS,"Island Resort, Siu Sai Wan 小西灣藍灣廣場店",POS_DUMMY_1337,dummy dummy,PSOSTEST117,PSOSTEST432;PSOSElderlyProgram,,0,0,0
IRS,"Island Resort, Siu Sai Wan 小西灣藍灣廣場店",POS_DUMMY_1338,dummy dummy,PSOSTEST1170,PSOSTEST28;PSOSTEST1606;PSOSElderlyProgram,,0,0,0
IRS,"Island Resort, Siu Sai Wan 小西灣藍灣廣場店",POS_DUMMY_1339,dummy dummy,PSOSTEST1171,PSOSTEST100;PSOSTEST1634;PSOSElderlyProgram,,0,0,0
IRS,"Island Resort, Siu Sai Wan 小西灣藍灣廣場店",POS_DUMMY_134,dummy dummy,PSOSTEST1172,PSOSTEST1269;PSOSElderlyProgram,,0,0,0
IRS,"Island Resort, Siu Sai Wan 小西灣藍灣廣場店",POS_DUMMY_1340,dummy dummy,PSOSTEST1173,PSOSTEST1886;PSOSElderlyProgram,,0,0,0
IRS,"Island Resort, Siu Sai Wan 小西灣藍灣廣場店",POS_DUMMY_1341,dummy dummy,PSOSTEST1174,PSOSTEST64;PSOSTEST1664;PSOSElderlyProgram,,0,0,0
IRS,"Island Resort, Siu Sai Wan 小西灣藍灣廣場店",POS_DUMMY_1342,dummy dummy,PSOSTEST1175,PSOSTEST1090;PSOSElderlyProgram,,0,0,0
IRS,"Island Resort, Siu Sai Wan 小西灣藍灣廣場店",POS_DUMMY_1343,dummy dummy,PSOSTEST1176,PSOSTEST43;PSOSElderlyProgram,,0,0,0
IRS,"Island Resort, Siu Sai Wan 小西灣藍灣廣場店",POS_DUMMY_1344,dummy dummy,PSOSTEST1177,PSOSTEST41;PSOSElderlyProgram,,0,0,0
IRS,"Island Resort, Siu Sai Wan 小西灣藍灣廣場店",POS_DUMMY_1345,dummy dummy,PSOSTEST1178,PSOSTEST3;PSOSTEST1378;PSOSElderlyProgram,,0,0,0
IRS,"Island Resort, Siu Sai Wan 小西灣藍灣廣場店",POS_DUMMY_1346,dummy dummy,PSOSTEST1179,PSOSTEST1114;PSOSElderlyProgram,,0,0,0
IRS,"Island Resort, Siu Sai Wan 小西灣藍灣廣場店",POS_DUMMY_1347,dummy dummy,PSOSTEST118,PSOSTEST35;PSOSTEST1001;PSOSElderlyProgram,,0,0,0
IRS,"Island Resort, Siu Sai Wan 小西灣藍灣廣場店",POS_DUMMY_1348,dummy dummy,PSOSTEST1180,PSOSTEST1787;PSOSElderlyProgram,,0,0,0
IRS,"Island Resort, Siu Sai Wan 小西灣藍灣廣場店",POS_DUMMY_1349,dummy dummy,PSOSTEST1181,PSOSTEST1086;PSOSElderlyProgram,,0,0,0
IRS,"Island Resort, Siu Sai Wan 小西灣藍灣廣場店",POS_DUMMY_135,dummy dummy,PSOSTEST1182,PSOSTEST27;PSOSElderlyProgram,,0,0,0
IRS,"Island Resort, Siu Sai Wan 小西灣藍灣廣場店",POS_DUMMY_1350,dummy dummy,PSOSTEST1183,PSOSTEST38;PSOSTEST1769;PSOSElderlyProgram,,0,0,0
IRS,"Island Resort, Siu Sai Wan 小西灣藍灣廣場店",POS_DUMMY_1351,dummy dummy,PSOSTEST1184,PSOSTEST31;PSOSTEST215;PSOSElderlyProgram,,0,0,0
IRS,"Island Resort, Siu Sai Wan 小西灣藍灣廣場店",POS_DUMMY_1352,dummy dummy,PSOSTEST1185,PSOSTEST29;PSOSTEST1951;PSOSElderlyProgram,,0,0,0
IRS,"Island Resort, Siu Sai Wan 小西灣藍灣廣場店",POS_DUMMY_1353,dummy dummy,PSOSTEST1186,PSOSTEST1541;PSOSElderlyProgram,,0,0,0
IRS,"Island Resort, Siu Sai Wan 小西灣藍灣廣場店",POS_DUMMY_1354,dummy dummy,PSOSTEST1187,PSOSTEST10;PSOSElderlyProgram,,0,0,0
IRS,"Island Resort, Siu Sai Wan 小西灣藍灣廣場店",POS_DUMMY_1355,dummy dummy,PSOSTEST1188,PSOSTEST1784;PSOSElderlyProgram,,0,0,0
IRS,"Island Resort, Siu Sai Wan 小西灣藍灣廣場店",POS_DUMMY_1356,dummy dummy,PSOSTEST1189,PSOSTEST68;PSOSElderlyProgram,,0,0,0
IRS,"Island Resort, Siu Sai Wan 小西灣藍灣廣場店",POS_DUMMY_1357,dummy dummy,PSOSTEST119,PSOSTEST66;PSOSTEST1108;PSOSElderlyProgram,,0,0,0
IRS,"Island Resort, Siu Sai Wan 小西灣藍灣廣場店",POS_DUMMY_1358,dummy dummy,PSOSTEST1190,PSOSTEST6;PSOSElderlyProgram,,0,0,0
IRS,"Island Resort, Siu Sai Wan 小西灣藍灣廣場店",POS_DUMMY_1359,dummy dummy,PSOSTEST1191,PSOSTEST1;PSOSTEST1634;PSOSElderlyProgram,,0,0,0
IRS,"Island Resort, Siu Sai Wan 小西灣藍灣廣場店",POS_DUMMY_136,dummy dummy,PSOSTEST1192,PSOSTEST100;PSOSTEST1918;PSOSElderlyProgram,,0,0,0
IRS,"Island Resort, Siu Sai Wan 小西灣藍灣廣場店",POS_DUMMY_1360,dummy dummy,PSOSTEST1193,PSOSTEST69;PSOSElderlyProgram,,0,0,0
IRS,"Island Resort, Siu Sai Wan 小西灣藍灣廣場店",POS_DUMMY_1361,dummy dummy,PSOSTEST1194,PSOSTEST1267;PSOSElderlyProgram,,0,0,0
IRS,"Island Resort, Siu Sai Wan 小西灣藍灣廣場店",POS_DUMMY_1362,dummy dummy,PSOSTEST1195,PSOSTEST14;PSOSElderlyProgram,,0,0,0
IRS,"Island Resort, Siu Sai Wan 小西灣藍灣廣場店",POS_DUMMY_1363,dummy dummy,PSOSTEST1196,PSOSTEST168;PSOSElderlyProgram,,0,0,0
IRS,"Island Resort, Siu Sai Wan 小西灣藍灣廣場店",POS_DUMMY_1364,dummy dummy,PSOSTEST1197,PSOSTEST40;PSOSElderlyProgram,,0,0,0
IRS,"Island Resort, Siu Sai Wan 小西灣藍灣廣場店",POS_DUMMY_1365,dummy dummy,PSOSTEST1198,PSOSTEST48;PSOSTEST430;PSOSElderlyProgram,,0,0,0
IRS,"Island Resort, Siu Sai Wan 小西灣藍灣廣場店",POS_DUMMY_1366,dummy dummy,PSOSTEST1199,PSOSTEST1740;PSOSElderlyProgram,,0,0,0
IRS,"Island Resort, Siu Sai Wan 小西灣藍灣廣場店",POS_DUMMY_1367,dummy dummy,PSOSTEST12,PSOSTEST69;PSOSTEST1164;PSOSElderlyProgram,,0,0,0
IRS,"Island Resort, Siu Sai Wan 小西灣藍灣廣場店",POS_DUMMY_1368,dummy dummy,PSOSTEST120,PSOSTEST40;PSOSTEST307;PSOSElderlyProgram,,0,0,0
IRS,"Island Resort, Siu Sai Wan 小西灣藍灣廣場店",POS_DUMMY_1369,dummy dummy,PSOSTEST1200,PSOSTEST33;PSOSElderlyProgram,,0,0,0
IRS,"Island Resort, Siu Sai Wan 小西灣藍灣廣場店",POS_DUMMY_137,dummy dummy,PSOSTEST1201,PSOSElderlyProgram,,0,0,0
IRS,"Island Resort, Siu Sai Wan 小西灣藍灣廣場店",POS_DUMMY_1370,dummy dummy,PSOSTEST1202,PSOSTEST1269;PSOSElderlyProgram,,0,0,0
IRS,"Island Resort, Siu Sai Wan 小西灣藍灣廣場店",POS_DUMMY_1371,dummy dummy,PSOSTEST1203,PSOSTEST1854;PSOSElderlyProgram,,0,0,0
IRS,"Island Resort, Siu Sai Wan 小西灣藍灣廣場店",POS_DUMMY_1372,dummy dummy,PSOSTEST1205,PSOSTEST32;PSOSTEST447;PSOSElderlyProgram,,0,0,0
IRS,"Island Resort, Siu Sai Wan 小西灣藍灣廣場店",POS_DUMMY_1373,dummy dummy,PSOSTEST1206,PSOSTEST1136;PSOSElderlyProgram,,0,0,0
IRS,"Island Resort, Siu Sai Wan 小西灣藍灣廣場店",POS_DUMMY_1374,dummy dummy,PSOSTEST1207,PSOSTEST23;PSOSTEST1482;PSOSElderlyProgram,,0,0,0
IRS,"Island Resort, Siu Sai Wan 小西灣藍灣廣場店",POS_DUMMY_1375,dummy dummy,PSOSTEST1208,PSOSTEST19;PSOSTEST214;PSOSElderlyProgram,,0,0,0
IRS,"Island Resort, Siu Sai Wan 小西灣藍灣廣場店",POS_DUMMY_1376,dummy dummy,PSOSTEST1209,PSOSTEST35;PSOSTEST1981;PSOSElderlyProgram,,0,0,0
IRS,"Island Resort, Siu Sai Wan 小西灣藍灣廣場店",POS_DUMMY_1377,dummy dummy,PSOSTEST121,PSOSTEST38;PSOSTEST1005;PSOSElderlyProgram,,0,0,0
IRS,"Island Resort, Siu Sai Wan 小西灣藍灣廣場店",POS_DUMMY_1378,dummy dummy,PSOSTEST1210,PSOSTEST2;PSOSTEST1663;PSOSElderlyProgram,,0,0,0
IRS,"Island Resort, Siu Sai Wan 小西灣藍灣廣場店",POS_DUMMY_1379,dummy dummy,PSOSTEST1211,PSOSElderlyProgram,,0,0,0
IRS,"Island Resort, Siu Sai Wan 小西灣藍灣廣場店",POS_DUMMY_138,dummy dummy,PSOSTEST1212,PSOSTEST100;PSOSElderlyProgram,,0,0,0
IRS,"Island Resort, Siu Sai Wan 小西灣藍灣廣場店",POS_DUMMY_1380,dummy dummy,PSOSTEST1213,PSOSTEST14;PSOSTEST1561;PSOSElderlyProgram,,0,0,0
IRS,"Island Resort, Siu Sai Wan 小西灣藍灣廣場店",POS_DUMMY_1381,dummy dummy,PSOSTEST1214,PSOSTEST63;PSOSTEST1174;PSOSElderlyProgram,,0,0,0
IRS,"Island Resort, Siu Sai Wan 小西灣藍灣廣場店",POS_DUMMY_1382,dummy dummy,PSOSTEST1215,PSOSTEST37;PSOSElderlyProgram,,0,0,0
IRS,"Island Resort, Siu Sai Wan 小西灣藍灣廣場店",POS_DUMMY_1383,dummy dummy,PSOSTEST1216,PSOSTEST378;PSOSElderlyProgram,,0,0,0
IRS,"Island Resort, Siu Sai Wan 小西灣藍灣廣場店",POS_DUMMY_1384,dummy dummy,PSOSTEST1217,PSOSTEST1358;PSOSElderlyProgram,,0,0,0
IRS,"Island Resort, Siu Sai Wan 小西灣藍灣廣場店",POS_DUMMY_1385,dummy dummy,PSOSTEST1219,PSOSTEST1818;PSOSElderlyProgram,,0,0,0
IRS,"Island Resort, Siu Sai Wan 小西灣藍灣廣場店",POS_DUMMY_1386,dummy dummy,PSOSTEST122,PSOSTEST47;PSOSTEST1157;PSOSElderlyProgram,,0,0,0
IRS,"Island Resort, Siu Sai Wan 小西灣藍灣廣場店",POS_DUMMY_1387,dummy dummy,PSOSTEST1220,PSOSTEST17;PSOSElderlyProgram,,0,0,0
IRS,"Island Resort, Siu Sai Wan 小西灣藍灣廣場店",POS_DUMMY_1388,dummy dummy,PSOSTEST1221,PSOSTEST66;PSOSTEST1087;PSOSElderlyProgram,,0,0,0
IRS,"Island Resort, Siu Sai Wan 小西灣藍灣廣場店",POS_DUMMY_1389,dummy dummy,PSOSTEST1222,PSOSTEST1284;PSOSElderlyProgram,,0,0,0
IRS,"Island Resort, Siu Sai Wan 小西灣藍灣廣場店",POS_DUMMY_139,dummy dummy,PSOSTEST1223,PSOSTEST18;PSOSTEST1146;PSOSElderlyProgram,,0,0,0
IRS,"Island Resort, Siu Sai Wan 小西灣藍灣廣場店",POS_DUMMY_1390,dummy dummy,PSOSTEST1224,PSOSTEST60;PSOSTEST1647;PSOSElderlyProgram,,0,0,0
IRS,"Island Resort, Siu Sai Wan 小西灣藍灣廣場店",POS_DUMMY_1391,dummy dummy,PSOSTEST1225,PSOSTEST1268;PSOSElderlyProgram,,0,0,0
IRS,"Island Resort, Siu Sai Wan 小西灣藍灣廣場店",POS_DUMMY_1392,dummy dummy,PSOSTEST1226,PSOSTEST1099;PSOSElderlyProgram,,0,0,0
IRS,"Island Resort, Siu Sai Wan 小西灣藍灣廣場店",POS_DUMMY_1393,dummy dummy,PSOSTEST1227,PSOSTEST1304;PSOSElderlyProgram,,0,0,0
IRS,"Island Resort, Siu Sai Wan 小西灣藍灣廣場店",POS_DUMMY_1394,dummy dummy,PSOSTEST1228,PSOSTEST1276;PSOSElderlyProgram,,0,0,0
IRS,"Island Resort, Siu Sai Wan 小西灣藍灣廣場店",POS_DUMMY_1395,dummy dummy,PSOSTEST1229,PSOSTEST229;PSOSElderlyProgram,,0,0,0
IRS,"Island Resort, Siu Sai Wan 小西灣藍灣廣場店",POS_DUMMY_1396,dummy dummy,PSOSTEST123,PSOSTEST18;PSOSTEST1961;PSOSElderlyProgram,,0,0,0
IRS,"Island Resort, Siu Sai Wan 小西灣藍灣廣場店",POS_DUMMY_1397,dummy dummy,PSOSTEST1230,PSOSTEST100;PSOSTEST1377;PSOSElderlyProgram,,0,0,0
IRS,"Island Resort, Siu Sai Wan 小西灣藍灣廣場店",POS_DUMMY_1398,dummy dummy,PSOSTEST1231,PSOSTEST1340;PSOSElderlyProgram,,0,0,0
IRS,"Island Resort, Siu Sai Wan 小西灣藍灣廣場店",POS_DUMMY_1399,dummy dummy,PSOSTEST1232,PSOSTEST27;PSOSTEST234;PSOSElderlyProgram,,0,0,0
IRS,"Island Resort, Siu Sai Wan 小西灣藍灣廣場店",POS_DUMMY_14,dummy dummy,PSOSTEST1233,PSOSElderlyProgram,,0,0,0
IRS,"Island Resort, Siu Sai Wan 小西灣藍灣廣場店",POS_DUMMY_140,dummy dummy,PSOSTEST1234,PSOSTEST27;PSOSTEST1654;PSOSElderlyProgram,,0,0,0
IRS,"Island Resort, Siu Sai Wan 小西灣藍灣廣場店",POS_DUMMY_1400,dummy dummy,PSOSTEST1235,PSOSTEST45;PSOSTEST1308;PSOSElderlyProgram,,0,0,0
IRS,"Island Resort, Siu Sai Wan 小西灣藍灣廣場店",POS_DUMMY_1401,dummy dummy,PSOSTEST1236,PSOSTEST17;PSOSElderlyProgram,,0,0,0
IRS,"Island Resort, Siu Sai Wan 小西灣藍灣廣場店",POS_DUMMY_1402,dummy dummy,PSOSTEST1237,PSOSTEST23;PSOSTEST1081;PSOSElderlyProgram,,0,0,0
IRS,"Island Resort, Siu Sai Wan 小西灣藍灣廣場店",POS_DUMMY_1403,dummy dummy,PSOSTEST1238,PSOSTEST378;PSOSElderlyProgram,,0,0,0
IRS,"Island Resort, Siu Sai Wan 小西灣藍灣廣場店",POS_DUMMY_1404,dummy dummy,PSOSTEST1239,PSOSTEST108;PSOSElderlyProgram,,0,0,0
IRS,"Island Resort, Siu Sai Wan 小西灣藍灣廣場店",POS_DUMMY_1405,dummy dummy,PSOSTEST124,PSOSTEST1278;PSOSElderlyProgram,,0,0,0
IRS,"Island Resort, Siu Sai Wan 小西灣藍灣廣場店",POS_DUMMY_1406,dummy dummy,PSOSTEST1240,PSOSTEST246;PSOSElderlyProgram,,0,0,0
IRS,"Island Resort, Siu Sai Wan 小西灣藍灣廣場店",POS_DUMMY_1407,dummy dummy,PSOSTEST1241,PSOSTEST22;PSOSElderlyProgram,,0,0,0
IRS,"Island Resort, Siu Sai Wan 小西灣藍灣廣場店",POS_DUMMY_1408,dummy dummy,PSOSTEST1243,PSOSElderlyProgram,,0,0,0
IRS,"Island Resort, Siu Sai Wan 小西灣藍灣廣場店",POS_DUMMY_1409,dummy dummy,PSOSTEST1244,PSOSTEST15;PSOSTEST1581;PSOSElderlyProgram,,0,0,0
IRS,"Island Resort, Siu Sai Wan 小西灣藍灣廣場店",POS_DUMMY_141,dummy dummy,PSOSTEST1245,PSOSElderlyProgram,,0,0,0
IRS,"Island Resort, Siu Sai Wan 小西灣藍灣廣場店",POS_DUMMY_1410,dummy dummy,PSOSTEST1246,PSOSTEST140;PSOSElderlyProgram,,0,0,0
IRS,"Island Resort, Siu Sai Wan 小西灣藍灣廣場店",POS_DUMMY_1411,dummy dummy,PSOSTEST1247,PSOSTEST1205;PSOSElderlyProgram,,0,0,0
IRS,"Island Resort, Siu Sai Wan 小西灣藍灣廣場店",POS_DUMMY_1412,dummy dummy,PSOSTEST1248,PSOSTEST1;PSOSTEST277;PSOSElderlyProgram,,0,0,0
IRS,"Island Resort, Siu Sai Wan 小西灣藍灣廣場店",POS_DUMMY_1413,dummy dummy,PSOSTEST1249,PSOSTEST47;PSOSTEST491;PSOSElderlyProgram,,0,0,0
IRS,"Island Resort, Siu Sai Wan 小西灣藍灣廣場店",POS_DUMMY_1414,dummy dummy,PSOSTEST125,PSOSTEST1325;PSOSElderlyProgram,,0,0,0
IRS,"Island Resort, Siu Sai Wan 小西灣藍灣廣場店",POS_DUMMY_1415,dummy dummy,PSOSTEST1250,PSOSTEST10;PSOSElderlyProgram,,0,0,0
IRS,"Island Resort, Siu Sai Wan 小西灣藍灣廣場店",POS_DUMMY_1416,dummy dummy,PSOSTEST1251,PSOSTEST44;PSOSTEST1924;PSOSElderlyProgram,,0,0,0
IRS,"Island Resort, Siu Sai Wan 小西灣藍灣廣場店",POS_DUMMY_1417,dummy dummy,PSOSTEST1252,PSOSTEST31;PSOSElderlyProgram,,0,0,0
IRS,"Island Resort, Siu Sai Wan 小西灣藍灣廣場店",POS_DUMMY_1418,dummy dummy,PSOSTEST1253,PSOSElderlyProgram,,0,0,0
IRS,"Island Resort, Siu Sai Wan 小西灣藍灣廣場店",POS_DUMMY_1419,dummy dummy,PSOSTEST1254,PSOSTEST1463;PSOSElderlyProgram,,0,0,0
IRS,"Island Resort, Siu Sai Wan 小西灣藍灣廣場店",POS_DUMMY_142,dummy dummy,PSOSTEST1255,PSOSTEST1028;PSOSElderlyProgram,,0,0,0
IRS,"Island Resort, Siu Sai Wan 小西灣藍灣廣場店",POS_DUMMY_1420,dummy dummy,PSOSTEST1257,PSOSTEST40;PSOSTEST1797;PSOSElderlyProgram,,0,0,0
IRS,"Island Resort, Siu Sai Wan 小西灣藍灣廣場店",POS_DUMMY_1421,dummy dummy,PSOSTEST1258,PSOSTEST36;PSOSTEST1064;PSOSElderlyProgram,,0,0,0
IRS,"Island Resort, Siu Sai Wan 小西灣藍灣廣場店",POS_DUMMY_1422,dummy dummy,PSOSTEST1259,PSOSElderlyProgram,,0,0,0
IRS,"Island Resort, Siu Sai Wan 小西灣藍灣廣場店",POS_DUMMY_1423,dummy dummy,PSOSTEST126,PSOSTEST1559;PSOSElderlyProgram,,0,0,0
IRS,"Island Resort, Siu Sai Wan 小西灣藍灣廣場店",POS_DUMMY_1424,dummy dummy,PSOSTEST1260,PSOSTEST1739;PSOSElderlyProgram,,0,0,0
IRS,"Island Resort, Siu Sai Wan 小西灣藍灣廣場店",POS_DUMMY_1425,dummy dummy,PSOSTEST1261,PSOSTEST100;PSOSTEST260;PSOSElderlyProgram,,0,0,0
IRS,"Island Resort, Siu Sai Wan 小西灣藍灣廣場店",POS_DUMMY_1426,dummy dummy,PSOSTEST1262,PSOSTEST139;PSOSElderlyProgram,,0,0,0
IRS,"Island Resort, Siu Sai Wan 小西灣藍灣廣場店",POS_DUMMY_1427,dummy dummy,PSOSTEST1263,PSOSTEST18;PSOSTEST1559;PSOSElderlyProgram,,0,0,0
IRS,"Island Resort, Siu Sai Wan 小西灣藍灣廣場店",POS_DUMMY_1428,dummy dummy,PSOSTEST1264,PSOSTEST1832;PSOSElderlyProgram,,0,0,0
IRS,"Island Resort, Siu Sai Wan 小西灣藍灣廣場店",POS_DUMMY_1429,dummy dummy,PSOSTEST1265,PSOSTEST1093;PSOSElderlyProgram,,0,0,0
IRS,"Island Resort, Siu Sai Wan 小西灣藍灣廣場店",POS_DUMMY_143,dummy dummy,PSOSTEST1266,PSOSTEST27;PSOSTEST1308;PSOSElderlyProgram,,0,0,0
IRS,"Island Resort, Siu Sai Wan 小西灣藍灣廣場店",POS_DUMMY_1430,dummy dummy,PSOSTEST1267,PSOSElderlyProgram,,0,0,0
IRS,"Island Resort, Siu Sai Wan 小西灣藍灣廣場店",POS_DUMMY_1431,dummy dummy,PSOSTEST1268,PSOSTEST48;PSOSTEST1224;PSOSElderlyProgram,,0,0,0
IRS,"Island Resort, Siu Sai Wan 小西灣藍灣廣場店",POS_DUMMY_1432,dummy dummy,PSOSTEST1269,PSOSTEST22;PSOSElderlyProgram,,0,0,0
IRS,"Island Resort, Siu Sai Wan 小西灣藍灣廣場店",POS_DUMMY_1433,dummy dummy,PSOSTEST127,PSOSTEST49;PSOSElderlyProgram,,0,0,0
IRS,"Island Resort, Siu Sai Wan 小西灣藍灣廣場店",POS_DUMMY_1434,dummy dummy,PSOSTEST1270,PSOSElderlyProgram,,0,0,0
IRS,"Island Resort, Siu Sai Wan 小西灣藍灣廣場店",POS_DUMMY_1435,dummy dummy,PSOSTEST1271,PSOSTEST1685;PSOSElderlyProgram,,0,0,0
IRS,"Island Resort, Siu Sai Wan 小西灣藍灣廣場店",POS_DUMMY_1436,dummy dummy,PSOSTEST1272,PSOSTEST1047;PSOSElderlyProgram,,0,0,0
IRS,"Island Resort, Siu Sai Wan 小西灣藍灣廣場店",POS_DUMMY_1437,dummy dummy,PSOSTEST1273,PSOSTEST66;PSOSTEST1686;PSOSElderlyProgram,,0,0,0
IRS,"Island Resort, Siu Sai Wan 小西灣藍灣廣場店",POS_DUMMY_1438,dummy dummy,PSOSTEST1275,PSOSTEST1552;PSOSElderlyProgram,,0,0,0
IRS,"Island Resort, Siu Sai Wan 小西灣藍灣廣場店",POS_DUMMY_1439,dummy dummy,PSOSTEST1276,PSOSTEST48;PSOSElderlyProgram,,0,0,0
IRS,"Island Resort, Siu Sai Wan 小西灣藍灣廣場店",POS_DUMMY_144,dummy dummy,PSOSTEST1277,PSOSTEST37;PSOSElderlyProgram,,0,0,0
IRS,"Island Resort, Siu Sai Wan 小西灣藍灣廣場店",POS_DUMMY_1440,dummy dummy,PSOSTEST1278,PSOSTEST26;PSOSTEST1103;PSOSElderlyProgram,,0,0,0
IRS,"Island Resort, Siu Sai Wan 小西灣藍灣廣場店",POS_DUMMY_1441,dummy dummy,PSOSTEST1279,PSOSTEST18;PSOSTEST1047;PSOSElderlyProgram,,0,0,0
IRS,"Island Resort, Siu Sai Wan 小西灣藍灣廣場店",POS_DUMMY_1442,dummy dummy,PSOSTEST128,PSOSTEST22;PSOSTEST1262;PSOSElderlyProgram,,0,0,0
IRS,"Island Resort, Siu Sai Wan 小西灣藍灣廣場店",POS_DUMMY_1443,dummy dummy,PSOSTEST1280,PSOSTEST47;PSOSTEST1096;PSOSElderlyProgram,,0,0,0
IRS,"Island Resort, Siu Sai Wan 小西灣藍灣廣場店",POS_DUMMY_1444,dummy dummy,PSOSTEST1281,PSOSElderlyProgram,,0,0,0
IRS,"Island Resort, Siu Sai Wan 小西灣藍灣廣場店",POS_DUMMY_1445,dummy dummy,PSOSTEST1282,PSOSTEST4;PSOSTEST294;PSOSElderlyProgram,,0,0,0
IRS,"Island Resort, Siu Sai Wan 小西灣藍灣廣場店",POS_DUMMY_1446,dummy dummy,PSOSTEST1283,PSOSTEST1267;PSOSElderlyProgram,,0,0,0
IRS,"Island Resort, Siu Sai Wan 小西灣藍灣廣場店",POS_DUMMY_1447,dummy dummy,PSOSTEST1284,PSOSTEST1372;PSOSElderlyProgram,,0,0,0
IRS,"Island Resort, Siu Sai Wan 小西灣藍灣廣場店",POS_DUMMY_1448,dummy dummy,PSOSTEST1285,PSOSTEST1341;PSOSElderlyProgram,,0,0,0
IRS,"Island Resort, Siu Sai Wan 小西灣藍灣廣場店",POS_DUMMY_1449,dummy dummy,PSOSTEST1286,PSOSTEST487;PSOSElderlyProgram,,0,0,0
IRS,"Island Resort, Siu Sai Wan 小西灣藍灣廣場店",POS_DUMMY_145,dummy dummy,PSOSTEST1287,PSOSTEST113;PSOSElderlyProgram,,0,0,0
IRS,"Island Resort, Siu Sai Wan 小西灣藍灣廣場店",POS_DUMMY_1450,dummy dummy,PSOSTEST1288,PSOSElderlyProgram,,0,0,0
IRS,"Island Resort, Siu Sai Wan 小西灣藍灣廣場店",POS_DUMMY_1451,dummy dummy,PSOSTEST1289,PSOSTEST20;PSOSTEST1423;PSOSElderlyProgram,,0,0,0
IRS,"Island Resort, Siu Sai Wan 小西灣藍灣廣場店",POS_DUMMY_1452,dummy dummy,PSOSTEST129,PSOSTEST1875;PSOSElderlyProgram,,0,0,0
IRS,"Island Resort, Siu Sai Wan 小西灣藍灣廣場店",POS_DUMMY_1453,dummy dummy,PSOSTEST1290,PSOSTEST385;PSOSElderlyProgram,,0,0,0
IRS,"Island Resort, Siu Sai Wan 小西灣藍灣廣場店",POS_DUMMY_1454,dummy dummy,PSOSTEST1291,PSOSTEST1520;PSOSElderlyProgram,,0,0,0
IRS,"Island Resort, Siu Sai Wan 小西灣藍灣廣場店",POS_DUMMY_1455,dummy dummy,PSOSTEST1292,PSOSTEST21;PSOSTEST1599;PSOSElderlyProgram,,0,0,0
IRS,"Island Resort, Siu Sai Wan 小西灣藍灣廣場店",POS_DUMMY_1456,dummy dummy,PSOSTEST1294,PSOSTEST124;PSOSElderlyProgram,,0,0,0
IRS,"Island Resort, Siu Sai Wan 小西灣藍灣廣場店",POS_DUMMY_1457,dummy dummy,PSOSTEST1295,PSOSTEST28;PSOSElderlyProgram,,0,0,0
