Shop Code,Store Name,Date,Time,SKU,Product Name,Primary Category,POS Category,EAN,Type,Reference ID,Available Quantity Changes,Available Quantity,Receiving Quantity Changes,Receiving Quantity,Departing Quantity Changes,Departing Quantity
IRS,"Island Resort, Siu Sai Wan 小西灣藍灣廣場店",2023-05-22,11:13,H0160001_S_WN07477,"活養細胞茄紅素 ",AA47108500001,PSOSTEST16;PSOSTEST479;PSOSVIP20250609;PSOSElderlyProgram,625273074772,DATA_ARCHIVE,2023-05-22 11:13:02,8,8,0,0,0,0
IRS,"Island Resort, Siu Sai Wan 小西灣藍灣廣場店",2023-05-22,11:13,H0160001_S_WN07490,"女士至寶護道小紅莓 ",AA47109000001,PSOSTEST78;PSOSTEST1264;PSOSElderlyProgram,625273074901,DATA_ARCHIVE,2023-05-22 11:13:02,65,12,0,0,0,0
IRS,"Island Resort, Siu Sai Wan 小西灣藍灣廣場店",2023-05-22,11:13,H0888001_S_10009151,什錦軟糖 Mixed Fruit Candy,AA11150560001,PSOSTEST43;PSOSTEST1402;PSOSElderlyProgram,4901550267546,DATA_ARCHIVE,2023-05-22 11:13:02,-1,-1,0,0,0,0
IRS,"Island Resort, Siu Sai Wan 小西灣藍灣廣場店",2023-05-22,11:13,H0888001_S_10012836,冷凍熟帶頭南美白對蝦 Frozen Cooked Head On Shell On Shrimp,AA47105000001,PSOSTest_FrozenA_B_C;PSOSTEST73;PSOSTEST1832;PSOSElderlyProgram,8858984801517,DATA_ARCHIVE,2023-05-22 11:13:02,-12,-12,0,0,0,0
IRS,"Island Resort, Siu Sai Wan 小西灣藍灣廣場店",2023-05-22,11:13,H0888001_S_10004781,前一丁九州濃湯豬骨湯味麵 Demae Ramen Kyushu Tonkotsu Flavour Instant Noodle,AA47105000001,PSOSTest_FRUIT;PSOSTEST98;PSOSTEST486;PSOSElderlyProgram,4897878800025,DATA_ARCHIVE,2023-05-22 11:13:02,1244,1244,4400,4250,0,0
IRS,"Island Resort, Siu Sai Wan 小西灣藍灣廣場店",2023-05-22,11:13,H0888001_S_10007311,抗敏護膚膏 Rash Cream,AA11924015001,PSOSBIOLANE;PSOSTEST66;PSOSTEST1015;PSOSElderlyProgram,3286011092310,DATA_ARCHIVE,2023-05-22 11:13:02,0,0,420,420,0,0
IRS,"Island Resort, Siu Sai Wan 小西灣藍灣廣場店",2023-05-22,11:13,H0888001_S_10136677,越南海虎蝦 套裝 (急凍) Vietnam Black Tiger Shrimp Set (Frozen),AA47105000001,PSOSTest_Meatset;PSOSAllExcludeList;PSOSTEST6;PSOSTEST1761;PSOSElderlyProgram,2000101366775,DATA_ARCHIVE,2023-05-22 11:13:02,-1900,-1900,0,0,0,0
IRS,"Island Resort, Siu Sai Wan 小西灣藍灣廣場店",2023-05-22,11:13,H0888001_S_10007309,2合1抗敏沐浴/洗髮啫喱 Lipid-enriched Body and Hair Cleansing Gel,AA11924005001,PSOSTEST37;PSOSTEST1624;PSOSElderlyProgram,3286010008992,DATA_ARCHIVE,2023-05-22 11:13:02,-1893,-1893,504,504,0,0
IRS,"Island Resort, Siu Sai Wan 小西灣藍灣廣場店",2023-05-22,11:13,H0249001_S_4290,"懷舊2R相簿 ",AA37800000001,PSOSTEST23;PSOSTEST1031,2000000124483,DATA_ARCHIVE,2023-05-22 11:13:02,-1,-1,0,0,0,0
IRS,"Island Resort, Siu Sai Wan 小西灣藍灣廣場店",2023-05-22,11:13,H0249001_S_KC1112,"指甲油 (藍紫色系) ",AA37701000001,PSOSTEST52;PSOSTEST1329;PSOSElderlyProgram,2000000123899,DATA_ARCHIVE,2023-05-22 11:13:02,-1,-1,0,0,0,0
IRS,"Island Resort, Siu Sai Wan 小西灣藍灣廣場店",2023-05-22,11:13,H0888001_S_10004785,出前一丁火辣海鮮味麵 Demae Ramen Spicy Seafood Flavour Instant Noodle,AA11354005001,PSOSnoodles;PSOSTEST12;PSOSTEST659,4897878800032,DATA_ARCHIVE,2023-05-22 11:13:02,672,672,1596,1536,0,0
IRS,"Island Resort, Siu Sai Wan 小西灣藍灣廣場店",2023-05-22,11:13,H0888001_S_10002036,衣物柔順劑清新氣息配方 Regular Fabric Softener Spring Fresh,AA11820515001,PSOSTEST16;PSOSTEST1265;PSOSElderlyProgram,4892368660820;H0888001_S_10002036,DATA_ARCHIVE,2023-05-22 11:13:02,0,0,30,30,0,0
IRS,"Island Resort, Siu Sai Wan 小西灣藍灣廣場店",2023-05-22,11:13,H0888001_S_10009135,藍梅寒天果凍糖 Blueberry Agar Jelly,AA11153005001,PSOSTEST64;PSOSTEST1305;PSOSElderlyProgram,4901377002207,DATA_ARCHIVE,2023-05-22 11:13:02,-2,-2,0,0,0,0
IRS,"Island Resort, Siu Sai Wan 小西灣藍灣廣場店",2023-05-22,11:13,H0888001_S_10011834,炸魚手指 (急凍) Fish Fingers - Classic Crumb (Frozen),AA11118200001,PSOSTest_Frozen_Non Meat_Seafood;PSOSTEST58;PSOSTEST472;PSOSElderlyProgram,8724144082353;9415022026128,DATA_ARCHIVE,2023-05-22 11:13:02,-2,-2,0,0,0,0
IRS,"Island Resort, Siu Sai Wan 小西灣藍灣廣場店",2023-05-22,11:13,H0888001_S_10019475,"西班牙栗飼豬梅肉扒 (急凍) Selecta Pork Collar Meat , chestnut fed (Frozen)",AA47105000001,PSOSTest_FrozenA_B_C;PSOSTEST3;PSOSElderlyProgram,4895134103002,DATA_ARCHIVE,2023-05-22 11:13:02,-4,-4,0,0,0,0
IRS,"Island Resort, Siu Sai Wan 小西灣藍灣廣場店",2023-05-22,11:13,H0888001_S_10015618,日本煮食用帶子(急凍) Scallop for Cook(Frozen),AA47105000001,PSOSTest_FrozenA_B_C;PSOSTEST9;PSOSTEST869;PSOSElderlyProgram,4897010671315,DATA_ARCHIVE,2023-05-22 11:13:02,-5,-5,0,0,0,0
IRS,"Island Resort, Siu Sai Wan 小西灣藍灣廣場店",2023-05-22,11:13,H0888001_S_10007313,滋潤保濕乳霜 Nourishing and Moisturizing Cream,AA11924015001,PSOSBIOLANE;PSOSTEST93;PSOSTEST1702;PSOSElderlyProgram,3286011008502,DATA_ARCHIVE,2023-05-22 11:13:02,-12,-12,0,0,2,2
IRS,"Island Resort, Siu Sai Wan 小西灣藍灣廣場店",2023-05-22,11:13,H0888001_S_10009665,穴位按壓清涼足貼 Kyusoku Jikan Cooling Sheet With Protrusion,AA11856000001,PSOSTEST88;PSOSTEST694;PSOSElderlyProgram,2000000103549;4895149205111,DATA_ARCHIVE,2023-05-22 11:13:02,60,60,900,900,0,0
IRS,"Island Resort, Siu Sai Wan 小西灣藍灣廣場店",2023-05-22,11:13,H0888001_S_10134870,美國Prime 牛肩肉火鍋片 (急凍) U.S.D.A Prime Chuck Roll Sliced (Frozen),AA47105000001,PSOSTest_Frozen;PSOSTEST13;PSOSTEST1225;PSOSElderlyProgram,489705930506,DATA_ARCHIVE,2023-05-22 11:13:02,-2,-2,0,0,0,0
IRS,"Island Resort, Siu Sai Wan 小西灣藍灣廣場店",2023-05-22,11:13,H0888001_S_10012012,Bibigo 鮮嫩雞肉迷你水餃 (急凍) Bibigo Chicken Dumpling (Frozen),AA11115000001,PSOSTest_Frozen_Non Meat_Seafood;PSOSTEST94;PSOSTEST264;PSOSexcludegaigaitest;PSOSgaigaisssss;PSOSElderlyProgram,6955797200284,DATA_ARCHIVE,2023-05-22 11:13:02,-1,-1,0,0,0,0
IRS,"Island Resort, Siu Sai Wan 小西灣藍灣廣場店",2023-05-22,11:13,H0888001_S_10003734,純正番茄汁 Tomato Juice,AA11222010001,PSOSTEST71;PSOSTEST448;PSOSElderlyProgram,4901306012901,DATA_ARCHIVE,2023-05-22 11:13:02,28,28,378,378,0,0
IRS,"Island Resort, Siu Sai Wan 小西灣藍灣廣場店",2023-05-22,11:13,H0888001_S_10002038,衣物柔順劑溫柔呵護配方 Regular Fabric Softener Mild Formula,AA11820515001,PSOSSOFTEN;PSOSTEST27;PSOSTEST268;PSOSElderlyProgram,4892368660837;4892368839073,DATA_ARCHIVE,2023-05-22 11:13:02,54,54,900,900,0,0
IRS,"Island Resort, Siu Sai Wan 小西灣藍灣廣場店",2023-05-22,11:13,H0888001_S_10012783,巴西牛胸腩粒 (急凍) Brazil Beef Brisket Diced (Frozen),AA47105000001,PSOSTest_Frozen;PSOSIMAX_KERRY;PSOSTEST32;PSOSTEST437;PSOSElderlyProgram,4895134101725,DATA_ARCHIVE,2023-05-22 11:13:02,-1262,-1262,0,0,0,0
IRS,"Island Resort, Siu Sai Wan 小西灣藍灣廣場店",2023-05-22,11:13,H0888001_S_10012725,日式浦燒鰻魚 (急凍) Unagi Kabayaki (Frozen),AA47105000001,PSOSTest_Frozen;PSOSIMAX_KERRY;PSOSTEST8;PSOSTEST1688;PSOSElderlyProgram,4897010671568,DATA_ARCHIVE,2023-05-22 11:13:02,586,586,50,0,0,0
IRS,"Island Resort, Siu Sai Wan 小西灣藍灣廣場店",2023-05-22,11:13,H0888001_S_10018053,美國安格斯一口牛粒 (急凍) U.S. Angus Beef Cube (Frozen),AA47105000001,PSOSTest_FrozenA_B_C;PSOSTEST60;PSOSTEST1418;PSOSElderlyProgram,4897059300498,DATA_ARCHIVE,2023-05-22 11:13:02,-4,-4,0,0,0,0
IRS,"Island Resort, Siu Sai Wan 小西灣藍灣廣場店",2023-05-22,11:13,H0888001_S_10015773,廣東鮮蝦雲吞皇10粒裝一二三四五六七八九十一二三四五六七八九十一二三四五六七八九十 Guangdong Deluxe Shrimp Wonton 10's(Frozen),AA47105000001,PSOSTest_Frozen_Non Meat_Seafood;PSOSIMAX_KERRY;PSOSTEST58;PSOSTEST671;PSOSElderlyProgram,2000010157563;4867813081219,DATA_ARCHIVE,2023-05-22 11:13:02,662,662,0,0,0,0
IRS,"Island Resort, Siu Sai Wan 小西灣藍灣廣場店",2023-05-22,11:13,H0888001_S_10105000,宮崎/熊本/愛知 亞魯斯青肉蜜瓜 (特秀品等級/約1.5公斤)宮崎/熊本/愛知 亞魯斯青肉蜜瓜 (特秀品等級/約1.5公斤)宮崎/熊本/愛知 亞魯斯青肉蜜瓜 (特秀品等級/約1.5公斤) Miyazaki/Kumamoto/Aichi Arus Melon (A+ Grade/Weight:1.5kg approx.),AA47105000001,PSOSTEST18;PSOSTEST1357;PSOSElderlyProgram,2000000079905,DATA_ARCHIVE,2023-05-22 11:13:02,640,640,3361,3246,0,0
IRS,"Island Resort, Siu Sai Wan 小西灣藍灣廣場店",2023-05-22,11:13,H0888001_S_10012777,"紐西蘭帶骨羊仔腩 (急凍) New Zealand Lamb Flap, Bone - In, Diced (Frozen)",AA47105000001,PSOSTest_FrozenA_B_C;PSOSIMAX_KERRY;PSOSTEST52;PSOSTEST232;PSOSElderlyProgram,4895134101671,DATA_ARCHIVE,2023-05-22 11:13:02,603,603,0,0,0,0
IRS,"Island Resort, Siu Sai Wan 小西灣藍灣廣場店",2023-05-22,11:13,H0888001_S_10006760,牛骨湯麵牛骨湯麵麵麵麵麵麵麵麵麵麵麵麵麵麵麵麵麵麵麵麵麵麵麵麵麵麵麵麵麵麵麵麵麵麵麵麵麵麵麵麵麵麵麵麵麵麵麵麵麵麵麵麵麵麵麵麵麵麵麵麵麵麵麵麵麵麵麵 GOMTANG NOODLE (BEEF FLAVOUR)NOODLENOODLENOOODLENOODLENOODLENOODLENOODLENOODLENOODLENOODLENOODLENOODLENOODLENO,AA11354005001,PSOSTEST33;PSOSTEST207,648436000000;648436105144,DATA_ARCHIVE,2023-05-22 11:13:02,18,18,64,64,0,0
IRS,"Island Resort, Siu Sai Wan 小西灣藍灣廣場店",2023-05-22,11:13,H0249001_S_KC1129,"指甲油 (彩色系) ",AA37701000001,PSOSTEST16;PSOSTEST1051;PSOSElderlyProgram,2000000124292,DATA_ARCHIVE,2023-05-22 11:13:02,-1,-1,0,0,0,0
IRS,"Island Resort, Siu Sai Wan 小西灣藍灣廣場店",2023-05-22,11:13,H0176001_S_669903-G,防脹氣奶瓶160ml-綠色 Anit-Colic 160ml (5oz)  (Green),AA33504000001,PSOSTEST_VEGET;PSOSTEST22;PSOSTEST1440;PSOS_exclude_list_test;PSOSElderlyProgram,MDRound,DATA_ARCHIVE,2023-05-22 11:13:02,-2,-2,0,0,0,0
IRS,"Island Resort, Siu Sai Wan 小西灣藍灣廣場店",2023-05-22,11:13,H0888001_S_10011849,美國大西洋野生響螺頭 M (急凍) USA Conch M (Frozen),AA47105000001,PSOSTest_FrozenA_B_C;PSOSTEST62;PSOSTEST1121;PSOSElderlyProgram,4897010671520,DATA_ARCHIVE,2023-05-22 11:13:02,-6,-6,0,0,0,0
IRS,"Island Resort, Siu Sai Wan 小西灣藍灣廣場店",2023-05-22,11:13,H0888001_S_10007305,溫和沐浴乳 Essential Cleansing Emulsion,AA33401000001,PSOSTEST_VEGET;PSOSBIOLANE;PSOSTEST82;PSOSTEST1660;PSOSElderlyProgram,3286018000035,DATA_ARCHIVE,2023-05-22 11:13:02,-1904,-1904,2004,2004,0,0
IRS,"Island Resort, Siu Sai Wan 小西灣藍灣廣場店",2023-05-22,11:13,H0160001_S_HHC00136,??TTO??? Dada,AA37452000001,PSOSTest_Cathy;PSOSTEST58;PSOSTEST1135;POS_CAT_FROZEN;PSOSVIP20250609;PSOSElderlyProgram,620554001362,DATA_ARCHIVE,2023-05-22 11:13:02,-2,-2,0,0,0,0
IRS,"Island Resort, Siu Sai Wan 小西灣藍灣廣場店",2023-05-22,11:13,H0888001_S_10012938,雞髀扒(急凍) Chicken Leg Steak(Frozen),AA47105000001,PSOSTest_FrozenA_B_C;PSOSTEST96;PSOSTEST193;PSOSElderlyProgram,4897045620036;4897045620821,DATA_ARCHIVE,2023-05-22 11:13:02,-1,-1,0,0,0,0
IRS,"Island Resort, Siu Sai Wan 小西灣藍灣廣場店",2023-05-22,11:13,H0249001_S_KC1136,"指甲油 (彩色系) ",AA37701000001,PSOSTEST38;PSOSTEST1969,2000000124179,DATA_ARCHIVE,2023-05-22 11:13:02,-1,-1,0,0,0,0
IRS,"Island Resort, Siu Sai Wan 小西灣藍灣廣場店",2023-05-22,11:13,H0888001_S_10133453,澳洲M4+ 和牛西冷牛扒 (急凍) Australia M4+ Wagyu Striploin Steak (Frozen),AA47105000001,PSOSTest_FrozenA_B_C;PSOSTEST72;PSOSTEST1027;PSOSElderlyProgram,9343718005549,DATA_ARCHIVE,2023-05-22 11:13:02,-4,-4,0,0,0,0
IRS,"Island Resort, Siu Sai Wan 小西灣藍灣廣場店",2023-05-22,11:13,H0888001_S_10022800,法國雞中翼 (急凍) FRANCE MID JOINT WINGS (Frozen),AA11118200001,PSOSTest_FrozenA_B_C;PSOSTEST88;PSOSTEST1150;PSOSElderlyProgram,2022033009506;4895134101251,DATA_ARCHIVE,2023-05-22 11:13:02,-3,-3,0,0,0,0
IRS,"Island Resort, Siu Sai Wan 小西灣藍灣廣場店",2023-05-22,11:13,H0294001_S_120301,潔淨控油頭皮精華 NORMALISANTE OILY SCALP SERUM,AA42301500001,PSOSTEST4;PSOSTEST151;PSOSElderlyProgram,4040218120301,DATA_ARCHIVE,2023-05-22 11:13:02,0,0,70,70,0,0
IRS,"Island Resort, Siu Sai Wan 小西灣藍灣廣場店",2023-05-22,11:13,H0888001_S_10004780,出前一丁雞蓉味麵 Demae Ramen Chicken Flavour Instant Noodle,,PSOSTEST22;PSOSTEST208,4897878000036,DATA_ARCHIVE,2023-05-22 11:13:02,800,800,2862,2862,0,0
IRS,"Island Resort, Siu Sai Wan 小西灣藍灣廣場店",2023-05-22,11:13,H0249001_S_1272,AAA薰衣草沐浴露 AAA,AA42101500001,PSOSTEST_VEGET;PSOSTEST43;PSOSTEST623;PSOSVIP20250610,4891363100102,DATA_ARCHIVE,2023-05-22 11:13:02,-2,-2,0,0,0,0
IRS,"Island Resort, Siu Sai Wan 小西灣藍灣廣場店",2023-05-22,11:13,H0888001_S_10012115,小白菜豬肉水餃 (急凍） Chinese White Cabbage & Pork Water Dumpling (Frozen),AA11115000001,PSOSTEST72;PSOSTEST1703,4897878720019,DATA_ARCHIVE,2023-05-22 11:13:02,0,0,132,132,0,0
IRS,"Island Resort, Siu Sai Wan 小西灣藍灣廣場店",2023-05-22,11:13,H0888001_S_10009568,日本濃口醬油 Japanese Extreme Koikuchi Shoyu,AA11451005001,PSOSTEST6;PSOSTEST1355;PSOSElderlyProgram,4897020733287,DATA_ARCHIVE,2023-05-22 11:13:02,180,180,640,640,0,0
IRS,"Island Resort, Siu Sai Wan 小西灣藍灣廣場店",2023-05-22,11:13,H0249001_S_1284,活花護髮素 Live Flower Conditioner,AA42254500001,PSOSTEST100;PSOSVIP20250610;PSOSexclude20250610;PSOSElderlyProgram,4891363100522,DATA_ARCHIVE,2023-05-22 11:13:02,-1,-1,0,0,0,0
IRS,"Island Resort, Siu Sai Wan 小西灣藍灣廣場店",2023-05-22,11:13,H0888001_S_10016359,雜錦派對燒烤腸 (急凍) Grill Party (Frozen),AA47105000001,PSOSTest_FrozenA_B_C;PSOSTEST35;PSOSTEST1833;PSOSElderlyProgram,9003903496414,DATA_ARCHIVE,2023-05-22 11:13:02,-1,-1,0,0,0,0
IRS,"Island Resort, Siu Sai Wan 小西灣藍灣廣場店",2023-05-22,11:13,H0249001_S_KC1140,"指甲油 (彩色系) ",AA37701000001,PSOSTEST57;PSOSTEST154;PSOSElderlyProgram,2000000124193,DATA_ARCHIVE,2023-05-22 11:13:02,-1,-1,0,0,0,0
IRS,"Island Resort, Siu Sai Wan 小西灣藍灣廣場店",2023-05-22,11:13,H0888001_S_10012579,"有機雞胸 (去皮無骨) (急凍) Boneless, Skinless Chicken Breasts with Rib Meat (10pcs per bag)-Frozen",AA47105000001,PSOSTEST89;PSOSTEST462;PSOSElderlyProgram,1799722618295;2000000122175,DATA_ARCHIVE,2023-05-22 11:13:02,0,0,0,0,0,0
