Shop Code,Store Name,Order Date,Order Time,POS Order Number,Hybris Order Code,Product Quantity,Product Price,Discount Amount,Order Amount,Include Web Cart,Web Cart Amount,Non Web Cart Amount,Mode,Payment Method,Payment Type,Payment Terminal,Payment Reference,TXN_ID,Manual Confirm,Manual Confirm Payment Remark,Customer,Staff,Manual Payment Order Remark,Payment Auth Code,PAN,TXN_AMT,AUTH_AMT,TXN_DATE,TXN_TIME,EVENT_NAME,RESP_CODE,TRACE_NO,TID,MID,SERIAL_NO,Creation Date,Creation Time
CLS,EDIT Tuen Mun Chi Lok Fa Yuen Shop EDIT 屯門置樂店,30/09/2025,09:45:32,CLS0020250930094341,H250930000020,1,13,0,13,N,0,13,CASHIER,CREDIT_CARD,,MANUAL,,,N,,hktvmall hello (9055451840516),HYTSE,pos96,,,,,,,,,,,,,30/09/2025,09:45:49
CLS,EDIT Tuen Mun Chi Lok Fa Yuen Shop EDIT 屯門置樂店,30/09/2025,09:55:43,CLS0020250930095534,H250930000021,1,13,0,13,N,0,13,CASHIER,CREDIT_CARD,,MANUAL,,,N,,asd tse (9046014656516),HYTSE,pos96_selected,,,,,,,,,,,,,30/09/2025,09:55:44
CLS,EDIT Tuen Mun Chi Lok Fa Yuen Shop EDIT 屯門置樂店,30/09/2025,15:22:38,CLS0020250930152210,H250930001012,1,13,0,13,N,0,13,CASHIER,CREDIT_CARD,,MANUAL,,,N,,,HYTSE,psos741_notmember,,,,,,,,,,,,,30/09/2025,15:22:39
CLS,EDIT Tuen Mun Chi Lok Fa Yuen Shop EDIT 屯門置樂店,30/09/2025,11:57:15,CLS0120250930115712,H250930500032,0,49.9,0,49.9,Y,49.9,0,CASHIER,CREDIT_CARD,,MANUAL,,,N,,帥哥 帥哥 (9067608866820),RENEE,ii,,,,,,,,,,,,,30/09/2025,11:57:16
CLS,EDIT Tuen Mun Chi Lok Fa Yuen Shop EDIT 屯門置樂店,30/09/2025,12:05:21,CLS0120250930120518,H250930000054,0,49.9,0,49.9,Y,49.9,0,CASHIER,CREDIT_CARD,,MANUAL,,,N,,帥哥 帥哥 (9067608866820),RENEE,ioo,,,,,,,,,,,,,30/09/2025,12:05:22
CLS,EDIT Tuen Mun Chi Lok Fa Yuen Shop EDIT 屯門置樂店,30/09/2025,12:07:15,CLS0120250930120711,H250930500036,0,49.9,0,49.9,Y,49.9,0,CASHIER,CREDIT_CARD,,MANUAL,,,N,,帥哥 帥哥 (9067608866820),RENEE,ii,,,,,,,,,,,,,30/09/2025,12:07:16
CLS,EDIT Tuen Mun Chi Lok Fa Yuen Shop EDIT 屯門置樂店,30/09/2025,12:17:02,CLS0120250930121700,H250930500039,0,110,0,110,Y,110,0,CASHIER,CREDIT_CARD,,MANUAL,,,N,,帥哥 帥哥 (9067608866820),RENEE,iii,,,,,,,,,,,,,30/09/2025,12:17:02
CLS,EDIT Tuen Mun Chi Lok Fa Yuen Shop EDIT 屯門置樂店,30/09/2025,14:36:13,CLS0120250930143608,H250930001011,0,"1,346",0,"1,346",Y,"1,346",0,CASHIER,OCTOPUS,,MANUAL,,,N,,John Test (9045719842820),SHELDON,tt,,,,,,,,,,,,,30/09/2025,14:36:13
"",,,,Total: 8,,Total: 3,"Total: $1,644.7",,"Total: $1,644.7",,"Total: $1,605.7",Total: $39
